date,Open,High,Low,Close,Volume,Dividends,Stock Splits,ticker,pe_ratio,eps,market_cap,revenue_ttm,debt_to_equity,beta,52w_high,52w_low,sector,industry,long_name
2025-03-04,105.02572884137281,105.98376116758003,101.74518741804098,101.84195709228516,5609500,0.0,0.0,AEP,20.04805,6.66,72215830528,21876000768,154.237,0.573,134.6,97.46,Utilities,Utilities - Regulated Electric,"American Electric Power Company, Inc."
2025-03-05,101.12585719078002,102.05485939479591,99.85815742015205,100.05169677734375,3665600,0.0,0.0,AEP,20.04805,6.66,72215830528,21876000768,154.237,0.573,134.6,97.46,Utilities,Utilities - Regulated Electric,"American Electric Power Company, Inc."
2025-03-06,99.96460088805648,99.97427268725697,98.14529854317865,99.27751922607422,3031000,0.0,0.0,AEP,20.04805,6.66,72215830528,21876000768,154.237,0.573,134.6,97.46,Utilities,Utilities - Regulated Electric,"American Electric Power Company, Inc."
2025-03-07,99.51944130575768,101.4935735364656,99.3646113139848,101.24197387695312,4042400,0.0,0.0,AEP,20.04805,6.66,72215830528,21876000768,154.237,0.573,134.6,97.46,Utilities,Utilities - Regulated Electric,"American Electric Power Company, Inc."
2025-03-10,101.52261649917729,105.16120640511193,101.52261649917729,103.85479736328125,5535400,0.0,0.0,AEP,20.04805,6.66,72215830528,21876000768,154.237,0.573,134.6,97.46,Utilities,Utilities - Regulated Electric,"American Electric Power Company, Inc."
2025-03-11,104.19349631750416,104.50316370481062,101.01940375184961,101.05811309814453,4282500,0.0,0.0,AEP,20.04805,6.66,72215830528,21876000768,154.237,0.573,134.6,97.46,Utilities,Utilities - Regulated Electric,"American Electric Power Company, Inc."
2025-03-12,99.55815564951952,100.43877665119736,99.04526973999408,99.63557434082031,3284600,0.0,0.0,AEP,20.04805,6.66,72215830528,21876000768,154.237,0.573,134.6,97.46,Utilities,Utilities - Regulated Electric,"American Electric Power Company, Inc."
2025-03-13,99.49041694965776,100.9226332181612,99.3839680940165,100.8742446899414,1909600,0.0,0.0,AEP,20.04805,6.66,72215830528,21876000768,154.237,0.573,134.6,97.46,Utilities,Utilities - Regulated Electric,"American Electric Power Company, Inc."
2025-03-14,100.70005177316803,102.52902583480672,100.24522620744949,102.15161895751953,4419400,0.0,0.0,AEP,20.04805,6.66,72215830528,21876000768,154.237,0.573,134.6,97.46,Utilities,Utilities - Regulated Electric,"American Electric Power Company, Inc."
2025-03-17,102.25806514375248,103.3806139475986,101.73550008503642,102.44193267822266,5577100,0.0,0.0,AEP,20.04805,6.66,72215830528,21876000768,154.237,0.573,134.6,97.46,Utilities,Utilities - Regulated Electric,"American Electric Power Company, Inc."
2025-03-18,102.85805780172579,103.05159715147904,101.97743677932672,102.56774139404297,2757500,0.0,0.0,AEP,20.04805,6.66,72215830528,21876000768,154.237,0.573,134.6,97.46,Utilities,Utilities - Regulated Electric,"American Electric Power Company, Inc."
2025-03-19,102.43226371622191,102.8677383334583,101.7451894176166,102.4225845336914,2786600,0.0,0.0,AEP,20.04805,6.66,72215830528,21876000768,154.237,0.573,134.6,97.46,Utilities,Utilities - Regulated Electric,"American Electric Power Company, Inc."
2025-03-20,102.38388176444356,103.14836736812127,102.14195388445485,102.7806396484375,2946600,0.0,0.0,AEP,20.04805,6.66,72215830528,21876000768,154.237,0.573,134.6,97.46,Utilities,Utilities - Regulated Electric,"American Electric Power Company, Inc."
2025-03-21,102.71290537030015,103.20644033787619,101.0290893070478,101.7161636352539,5649200,0.0,0.0,AEP,20.04805,6.66,72215830528,21876000768,154.237,0.573,134.6,97.46,Utilities,Utilities - Regulated Electric,"American Electric Power Company, Inc."
2025-03-24,101.85162830597636,102.27742369900089,100.67101917662822,100.81617736816406,2619400,0.0,0.0,AEP,20.04805,6.66,72215830528,21876000768,154.237,0.573,134.6,97.46,Utilities,Utilities - Regulated Electric,"American Electric Power Company, Inc."
2025-03-25,99.67428544207317,99.67428544207317,98.66786458659462,99.1904296875,24651800,0.0,0.0,AEP,20.04805,6.66,72215830528,21876000768,154.237,0.573,134.6,97.46,Utilities,Utilities - Regulated Electric,"American Electric Power Company, Inc."
2025-03-26,99.46138750507595,100.94198492945141,99.25816897457862,100.54522705078125,5938600,0.0,0.0,AEP,20.04805,6.66,72215830528,21876000768,154.237,0.573,134.6,97.46,Utilities,Utilities - Regulated Electric,"American Electric Power Company, Inc."
2025-03-27,100.58393750336448,102.190334783416,100.42910011668084,101.75486755371094,5232700,0.0,0.0,AEP,20.04805,6.66,72215830528,21876000768,154.237,0.573,134.6,97.46,Utilities,Utilities - Regulated Electric,"American Electric Power Company, Inc."
2025-03-28,102.45162193056585,103.94189856679108,101.96776616749479,103.50642395019531,6173400,0.0,0.0,AEP,20.04805,6.66,72215830528,21876000768,154.237,0.573,134.6,97.46,Utilities,Utilities - Regulated Electric,"American Electric Power Company, Inc."
2025-03-31,104.87089450321612,106.21601285383785,104.35800122312752,105.74182891845703,6560100,0.0,0.0,AEP,20.04805,6.66,72215830528,21876000768,154.237,0.573,134.6,97.46,Utilities,Utilities - Regulated Electric,"American Electric Power Company, Inc."
2025-04-01,105.10314407289071,105.36442292305122,104.04833472412182,104.87089538574219,3941900,0.0,0.0,AEP,20.04805,6.66,72215830528,21876000768,154.237,0.573,134.6,97.46,Utilities,Utilities - Regulated Electric,"American Electric Power Company, Inc."
2025-04-02,105.28701217958418,105.28701217958418,103.8064074105742,104.27091217041016,3279800,0.0,0.0,AEP,20.04805,6.66,72215830528,21876000768,154.237,0.573,134.6,97.46,Utilities,Utilities - Regulated Electric,"American Electric Power Company, Inc."
2025-04-03,106.21601191141815,106.89340698016247,104.270909809663,105.58699798583984,6063300,0.0,0.0,AEP,20.04805,6.66,72215830528,21876000768,154.237,0.573,134.6,97.46,Utilities,Utilities - Regulated Electric,"American Electric Power Company, Inc."
2025-04-04,106.56439891818157,106.9127756680494,100.56458285727669,101.10650634765625,7368600,0.0,0.0,AEP,20.04805,6.66,72215830528,21876000768,154.237,0.573,134.6,97.46,Utilities,Utilities - Regulated Electric,"American Electric Power Company, Inc."
2025-04-07,100.88392584516933,101.40649095134088,97.41951683557997,98.29045867919922,7767500,0.0,0.0,AEP,20.04805,6.66,72215830528,21876000768,154.237,0.573,134.6,97.46,Utilities,Utilities - Regulated Electric,"American Electric Power Company, Inc."
2025-04-08,98.97753823047067,100.62265232983721,97.31307314824133,98.00982666015625,6473400,0.0,0.0,AEP,20.04805,6.66,72215830528,21876000768,154.237,0.573,134.6,97.46,Utilities,Utilities - Regulated Electric,"American Electric Power Company, Inc."
2025-04-09,97.69046769433238,100.4678022071939,95.17441940686521,99.0452651977539,7048100,0.0,0.0,AEP,20.04805,6.66,72215830528,21876000768,154.237,0.573,134.6,97.46,Utilities,Utilities - Regulated Electric,"American Electric Power Company, Inc."
2025-04-10,98.8033395994742,100.94198106197163,98.24206517500359,99.8678207397461,4114800,0.0,0.0,AEP,20.04805,6.66,72215830528,21876000768,154.237,0.573,134.6,97.46,Utilities,Utilities - Regulated Electric,"American Electric Power Company, Inc."
2025-04-11,100.29362322310081,101.77422069518002,98.57109786648438,101.25165557861328,3582800,0.0,0.0,AEP,20.04805,6.66,72215830528,21876000768,154.237,0.573,134.6,97.46,Utilities,Utilities - Regulated Electric,"American Electric Power Company, Inc."
2025-04-14,101.07745703970372,103.48706384312595,100.3807110040823,103.13868713378906,3224700,0.0,0.0,AEP,20.04805,6.66,72215830528,21876000768,154.237,0.573,134.6,97.46,Utilities,Utilities - Regulated Electric,"American Electric Power Company, Inc."
2025-04-15,103.59352192633389,104.03866834282088,102.7806404044054,103.23546600341797,2599700,0.0,0.0,AEP,20.04805,6.66,72215830528,21876000768,154.237,0.573,134.6,97.46,Utilities,Utilities - Regulated Electric,"American Electric Power Company, Inc."
2025-04-16,103.4870698615429,103.99027659148726,102.23872114432852,102.5,2786900,0.0,0.0,AEP,20.04805,6.66,72215830528,21876000768,154.237,0.573,134.6,97.46,Utilities,Utilities - Regulated Electric,"American Electric Power Company, Inc."
2025-04-17,103.30320606696598,105.50958717919208,103.22578737245378,104.23220825195312,3156700,0.0,0.0,AEP,20.04805,6.66,72215830528,21876000768,154.237,0.573,134.6,97.46,Utilities,Utilities - Regulated Electric,"American Electric Power Company, Inc."
2025-04-21,104.29026850408758,104.29026850408758,101.33875276276302,102.12259674072266,3608900,0.0,0.0,AEP,20.04805,6.66,72215830528,21876000768,154.237,0.573,134.6,97.46,Utilities,Utilities - Regulated Electric,"American Electric Power Company, Inc."
2025-04-22,102.8290305367123,104.81283476829945,102.70322331107805,104.65800476074219,2304700,0.0,0.0,AEP,20.04805,6.66,72215830528,21876000768,154.237,0.573,134.6,97.46,Utilities,Utilities - Regulated Electric,"American Electric Power Company, Inc."
2025-04-23,104.10640711436258,104.63864402063729,102.16130489151855,103.56448364257812,3202100,0.0,0.0,AEP,20.04805,6.66,72215830528,21876000768,154.237,0.573,134.6,97.46,Utilities,Utilities - Regulated Electric,"American Electric Power Company, Inc."
2025-04-24,103.5161003875883,104.15478613871734,102.28710264746965,103.25481414794922,3676700,0.0,0.0,AEP,20.04805,6.66,72215830528,21876000768,154.237,0.573,134.6,97.46,Utilities,Utilities - Regulated Electric,"American Electric Power Company, Inc."
2025-04-25,103.32255586014554,103.42900471811164,102.17098417050319,103.29352569580078,2853400,0.0,0.0,AEP,20.04805,6.66,72215830528,21876000768,154.237,0.573,134.6,97.46,Utilities,Utilities - Regulated Electric,"American Electric Power Company, Inc."
2025-04-28,103.3225503489167,104.08704329578022,102.28709937188438,103.60318756103516,3303300,0.0,0.0,AEP,20.04805,6.66,72215830528,21876000768,154.237,0.573,134.6,97.46,Utilities,Utilities - Regulated Electric,"American Electric Power Company, Inc."
2025-04-29,103.7386685842573,105.07411516315844,102.85805496916203,104.99669647216797,2950700,0.0,0.0,AEP,20.04805,6.66,72215830528,21876000768,154.237,0.573,134.6,97.46,Utilities,Utilities - Regulated Electric,"American Electric Power Company, Inc."
2025-04-30,105.45152086602837,105.55796971917897,102.9064349554946,104.84185791015625,5418500,0.0,0.0,AEP,20.04805,6.66,72215830528,21876000768,154.237,0.573,134.6,97.46,Utilities,Utilities - Regulated Electric,"American Electric Power Company, Inc."
2025-05-01,104.39672163739453,105.24831254515769,103.67093795903459,104.06770324707031,3107200,0.0,0.0,AEP,20.04805,6.66,72215830528,21876000768,154.237,0.573,134.6,97.46,Utilities,Utilities - Regulated Electric,"American Electric Power Company, Inc."
2025-05-02,104.7741195298004,104.84185903862057,103.69996657080999,104.21285247802734,1984700,0.0,0.0,AEP,20.04805,6.66,72215830528,21876000768,154.237,0.573,134.6,97.46,Utilities,Utilities - Regulated Electric,"American Electric Power Company, Inc."
2025-05-05,104.270920226814,104.5515574642029,102.8387038744591,103.97093200683594,2616200,0.0,0.0,AEP,20.04805,6.66,72215830528,21876000768,154.237,0.573,134.6,97.46,Utilities,Utilities - Regulated Electric,"American Electric Power Company, Inc."
2025-05-06,104.74509682230747,105.50958983801107,103.54513655934197,103.97093200683594,3309200,0.0,0.0,AEP,20.04805,6.66,72215830528,21876000768,154.237,0.573,134.6,97.46,Utilities,Utilities - Regulated Electric,"American Electric Power Company, Inc."
2025-05-07,103.9612473967663,104.66768004477018,103.06127540076147,104.00963592529297,3249100,0.0,0.0,AEP,20.04805,6.66,72215830528,21876000768,154.237,0.573,134.6,97.46,Utilities,Utilities - Regulated Electric,"American Electric Power Company, Inc."
2025-05-08,103.61286637036783,103.85479423687032,101.15487836073613,101.79357147216797,3598800,0.0,0.0,AEP,20.04805,6.66,72215830528,21876000768,154.237,0.573,134.6,97.46,Utilities,Utilities - Regulated Electric,"American Electric Power Company, Inc."
2025-05-09,101.95955029851395,102.35984725338916,101.27611283950277,102.2036361694336,3057000,0.93,0.0,AEP,20.04805,6.66,72215830528,21876000768,154.237,0.573,134.6,97.46,Utilities,Utilities - Regulated Electric,"American Electric Power Company, Inc."
2025-05-12,100.70006930230629,101.1589519450933,98.19086677266502,98.6009292602539,4449600,0.0,0.0,AEP,20.04805,6.66,72215830528,21876000768,154.237,0.573,134.6,97.46,Utilities,Utilities - Regulated Electric,"American Electric Power Company, Inc."
2025-05-13,98.60092921082416,98.88406972322974,97.02901556027828,97.20475769042969,4607200,0.0,0.0,AEP,20.04805,6.66,72215830528,21876000768,154.237,0.573,134.6,97.46,Utilities,Utilities - Regulated Electric,"American Electric Power Company, Inc."
2025-05-14,96.92161190923945,96.94114294981111,95.15443263188477,96.25769805908203,5207200,0.0,0.0,AEP,20.04805,6.66,72215830528,21876000768,154.237,0.573,134.6,97.46,Utilities,Utilities - Regulated Electric,"American Electric Power Company, Inc."
2025-05-15,97.01925339187471,99.29412801806305,96.99972235106597,99.20626068115234,5823900,0.0,0.0,AEP,20.04805,6.66,72215830528,21876000768,154.237,0.573,134.6,97.46,Utilities,Utilities - Regulated Electric,"American Electric Power Company, Inc."
2025-05-16,99.17697919698591,100.65125258832826,98.85478403904615,100.6024398803711,2868900,0.0,0.0,AEP,20.04805,6.66,72215830528,21876000768,154.237,0.573,134.6,97.46,Utilities,Utilities - Regulated Electric,"American Electric Power Company, Inc."
2025-05-19,100.25095191239159,101.44209218650788,100.09473337530297,101.3249282836914,1909300,0.0,0.0,AEP,20.04805,6.66,72215830528,21876000768,154.237,0.573,134.6,97.46,Utilities,Utilities - Regulated Electric,"American Electric Power Company, Inc."
2025-05-20,101.18824062827954,101.7740452436164,101.13942047328904,101.27611541748047,2408200,0.0,0.0,AEP,20.04805,6.66,72215830528,21876000768,154.237,0.573,134.6,97.46,Utilities,Utilities - Regulated Electric,"American Electric Power Company, Inc."
2025-05-21,101.11013464229028,101.46161891268491,100.00686912344102,100.49504089355469,3340400,0.0,0.0,AEP,20.04805,6.66,72215830528,21876000768,154.237,0.573,134.6,97.46,Utilities,Utilities - Regulated Electric,"American Electric Power Company, Inc."
2025-05-22,100.39740200342983,100.63172235332559,98.54234789855684,99.39176940917969,3285100,0.0,0.0,AEP,20.04805,6.66,72215830528,21876000768,154.237,0.573,134.6,97.46,Utilities,Utilities - Regulated Electric,"American Electric Power Company, Inc."
2025-05-23,100.21190003478037,100.52432966864218,98.80596295794717,100.44622039794922,1888400,0.0,0.0,AEP,20.04805,6.66,72215830528,21876000768,154.237,0.573,134.6,97.46,Utilities,Utilities - Regulated Electric,"American Electric Power Company, Inc."
2025-05-27,100.99297048861655,101.00272856005996,100.14354899174116,100.47550964355469,2582100,0.0,0.0,AEP,20.04805,6.66,72215830528,21876000768,154.237,0.573,134.6,97.46,Utilities,Utilities - Regulated Electric,"American Electric Power Company, Inc."
2025-05-28,100.27047186395592,100.45597950778487,98.88406591773318,99.27460479736328,2426900,0.0,0.0,AEP,20.04805,6.66,72215830528,21876000768,154.237,0.573,134.6,97.46,Utilities,Utilities - Regulated Electric,"American Electric Power Company, Inc."
2025-05-29,99.27460931547968,100.33882017577298,98.47400792781089,100.10449981689453,2297600,0.0,0.0,AEP,20.04805,6.66,72215830528,21876000768,154.237,0.573,134.6,97.46,Utilities,Utilities - Regulated Electric,"American Electric Power Company, Inc."
2025-05-30,100.29000498035191,101.31516118057338,99.84088786660112,101.04178619384766,3896600,0.0,0.0,AEP,20.04805,6.66,72215830528,21876000768,154.237,0.573,134.6,97.46,Utilities,Utilities - Regulated Electric,"American Electric Power Company, Inc."
2025-06-02,100.44622206728152,101.04179223062069,99.83112831039968,100.73912811279297,2318100,0.0,0.0,AEP,20.04805,6.66,72215830528,21876000768,154.237,0.573,134.6,97.46,Utilities,Utilities - Regulated Electric,"American Electric Power Company, Inc."
2025-06-03,100.39739990234375,100.68054039995921,99.35271269682227,100.39739990234375,2423200,0.0,0.0,AEP,20.04805,6.66,72215830528,21876000768,154.237,0.573,134.6,97.46,Utilities,Utilities - Regulated Electric,"American Electric Power Company, Inc."
2025-06-04,100.41692575860293,100.89533197968225,99.36247300899534,99.44058227539062,1950500,0.0,0.0,AEP,20.04805,6.66,72215830528,21876000768,154.237,0.573,134.6,97.46,Utilities,Utilities - Regulated Electric,"American Electric Power Company, Inc."
2025-06-05,99.39176909562015,99.7725424563406,98.9035973563468,99.36247253417969,2034700,0.0,0.0,AEP,20.04805,6.66,72215830528,21876000768,154.237,0.573,134.6,97.46,Utilities,Utilities - Regulated Electric,"American Electric Power Company, Inc."
2025-06-06,99.42105841727286,99.58703502123662,98.75714455250822,99.38200378417969,2045100,0.0,0.0,AEP,20.04805,6.66,72215830528,21876000768,154.237,0.573,134.6,97.46,Utilities,Utilities - Regulated Electric,"American Electric Power Company, Inc."
2025-06-09,99.1476890860767,99.85065017509457,98.46424414135343,99.01100158691406,2418300,0.0,0.0,AEP,20.04805,6.66,72215830528,21876000768,154.237,0.573,134.6,97.46,Utilities,Utilities - Regulated Electric,"American Electric Power Company, Inc."
2025-06-10,99.15744958587759,99.62609777227337,98.39590280078089,99.46012115478516,2730500,0.0,0.0,AEP,20.04805,6.66,72215830528,21876000768,154.237,0.573,134.6,97.46,Utilities,Utilities - Regulated Electric,"American Electric Power Company, Inc."
2025-06-11,99.32343401648056,99.69444188909291,98.82549671327985,99.5284652709961,2193100,0.0,0.0,AEP,20.04805,6.66,72215830528,21876000768,154.237,0.573,134.6,97.46,Utilities,Utilities - Regulated Electric,"American Electric Power Company, Inc."
2025-06-12,99.77254158205508,100.66101026631415,99.5479793064369,100.58290100097656,2125000,0.0,0.0,AEP,20.04805,6.66,72215830528,21876000768,154.237,0.573,134.6,97.46,Utilities,Utilities - Regulated Electric,"American Electric Power Company, Inc."
2025-06-13,100.75864258865148,101.22729072927964,100.25094726447135,100.46574401855469,2389500,0.0,0.0,AEP,20.04805,6.66,72215830528,21876000768,154.237,0.573,134.6,97.46,Utilities,Utilities - Regulated Electric,"American Electric Power Company, Inc."
2025-06-16,100.56337151099888,101.08083232791934,98.9133487598374,99.49916076660156,2790700,0.0,0.0,AEP,20.04805,6.66,72215830528,21876000768,154.237,0.573,134.6,97.46,Utilities,Utilities - Regulated Electric,"American Electric Power Company, Inc."
2025-06-17,99.62609643758069,99.62609643758069,98.33732325339578,99.21603393554688,2418700,0.0,0.0,AEP,20.04805,6.66,72215830528,21876000768,154.237,0.573,134.6,97.46,Utilities,Utilities - Regulated Electric,"American Electric Power Company, Inc."
2025-06-18,99.24531300053322,99.54797708582794,98.41542255933487,98.80595397949219,1893500,0.0,0.0,AEP,20.04805,6.66,72215830528,21876000768,154.237,0.573,134.6,97.46,Utilities,Utilities - Regulated Electric,"American Electric Power Company, Inc."
2025-06-20,99.09887065465679,100.18261259467472,98.71809726480295,99.34295654296875,4085600,0.0,0.0,AEP,20.04805,6.66,72215830528,21876000768,154.237,0.573,134.6,97.46,Utilities,Utilities - Regulated Electric,"American Electric Power Company, Inc."
2025-06-23,100.0556912272272,101.09061301635782,99.9580509121762,100.86605072021484,3327700,0.0,0.0,AEP,20.04805,6.66,72215830528,21876000768,154.237,0.573,134.6,97.46,Utilities,Utilities - Regulated Electric,"American Electric Power Company, Inc."
2025-06-24,100.73912860859511,101.47138627706747,100.4364644892778,100.83676147460938,2260100,0.0,0.0,AEP,20.04805,6.66,72215830528,21876000768,154.237,0.573,134.6,97.46,Utilities,Utilities - Regulated Electric,"American Electric Power Company, Inc."
2025-06-25,100.58290782728449,100.6512515768658,98.83525945243208,99.01100158691406,2193000,0.0,0.0,AEP,20.04805,6.66,72215830528,21876000768,154.237,0.573,134.6,97.46,Utilities,Utilities - Regulated Electric,"American Electric Power Company, Inc."
2025-06-26,99.46987407254757,100.27047545243185,98.75714748195698,99.92875671386719,3001700,0.0,0.0,AEP,20.04805,6.66,72215830528,21876000768,154.237,0.573,134.6,97.46,Utilities,Utilities - Regulated Electric,"American Electric Power Company, Inc."
2025-06-27,100.06544481432196,100.89533531268532,99.76278070817895,100.0361557006836,3457500,0.0,0.0,AEP,20.04805,6.66,72215830528,21876000768,154.237,0.573,134.6,97.46,Utilities,Utilities - Regulated Electric,"American Electric Power Company, Inc."
2025-06-30,99.83112387758528,101.50067038548305,99.64561622707113,101.30540466308594,3246300,0.0,0.0,AEP,20.04805,6.66,72215830528,21876000768,154.237,0.573,134.6,97.46,Utilities,Utilities - Regulated Electric,"American Electric Power Company, Inc."
2025-07-01,101.63735357985907,102.35008758937578,100.66101011137069,101.92049407958984,3516300,0.0,0.0,AEP,20.04805,6.66,72215830528,21876000768,154.237,0.573,134.6,97.46,Utilities,Utilities - Regulated Electric,"American Electric Power Company, Inc."
2025-07-02,101.39326930458462,101.62758965500593,100.14355083712475,100.81723022460938,3259500,0.0,0.0,AEP,20.04805,6.66,72215830528,21876000768,154.237,0.573,134.6,97.46,Utilities,Utilities - Regulated Electric,"American Electric Power Company, Inc."
2025-07-03,100.70983502338753,101.73499124439822,100.46574914473118,101.40303802490234,1620500,0.0,0.0,AEP,20.04805,6.66,72215830528,21876000768,154.237,0.573,134.6,97.46,Utilities,Utilities - Regulated Electric,"American Electric Power Company, Inc."
2025-07-07,101.40303962469386,101.77404748449717,101.08084447204598,101.70570373535156,2705500,0.0,0.0,AEP,20.04805,6.66,72215830528,21876000768,154.237,0.573,134.6,97.46,Utilities,Utilities - Regulated Electric,"American Electric Power Company, Inc."
2025-07-08,100.99297603413228,101.81310101498194,99.9678123591603,101.50067138671875,2744400,0.0,0.0,AEP,20.04805,6.66,72215830528,21876000768,154.237,0.573,134.6,97.46,Utilities,Utilities - Regulated Electric,"American Electric Power Company, Inc."
2025-07-09,101.50067550579946,102.46725354357201,100.59267569791912,102.26222229003906,2201400,0.0,0.0,AEP,20.04805,6.66,72215830528,21876000768,154.237,0.573,134.6,97.46,Utilities,Utilities - Regulated Electric,"American Electric Power Company, Inc."
2025-07-10,101.63736237599848,103.71697891115988,101.40304200897683,103.5314712524414,2483000,0.0,0.0,AEP,20.04805,6.66,72215830528,21876000768,154.237,0.573,134.6,97.46,Utilities,Utilities - Regulated Electric,"American Electric Power Company, Inc."
2025-07-11,102.70157689257859,103.39477989548037,102.21340513428916,102.8480224609375,2473900,0.0,0.0,AEP,20.04805,6.66,72215830528,21876000768,154.237,0.573,134.6,97.46,Utilities,Utilities - Regulated Electric,"American Electric Power Company, Inc."
2025-07-14,102.82849715514648,103.71697331590919,101.98884114896339,102.53559112548828,2969000,0.0,0.0,AEP,20.04805,6.66,72215830528,21876000768,154.237,0.573,134.6,97.46,Utilities,Utilities - Regulated Electric,"American Electric Power Company, Inc."
2025-07-15,102.28175160522203,102.46725181305128,101.18824415593713,101.93026733398438,2422100,0.0,0.0,AEP,20.04805,6.66,72215830528,21876000768,154.237,0.573,134.6,97.46,Utilities,Utilities - Regulated Electric,"American Electric Power Company, Inc."
2025-07-16,101.93025790152186,103.20926544027868,101.68617203846692,102.99446868896484,2497100,0.0,0.0,AEP,20.04805,6.66,72215830528,21876000768,154.237,0.573,134.6,97.46,Utilities,Utilities - Regulated Electric,"American Electric Power Company, Inc."
2025-07-17,102.69181460513457,103.67792367362318,102.53559606208643,103.424072265625,2271000,0.0,0.0,AEP,20.04805,6.66,72215830528,21876000768,154.237,0.573,134.6,97.46,Utilities,Utilities - Regulated Electric,"American Electric Power Company, Inc."
2025-07-18,104.07820574176172,105.36697874160683,103.44358103715342,104.85928344726562,4443900,0.0,0.0,AEP,20.04805,6.66,72215830528,21876000768,154.237,0.573,134.6,97.46,Utilities,Utilities - Regulated Electric,"American Electric Power Company, Inc."
2025-07-21,105.11314098927771,106.49954692146882,104.95692245944292,105.97232055664062,2933300,0.0,0.0,AEP,20.04805,6.66,72215830528,21876000768,154.237,0.573,134.6,97.46,Utilities,Utilities - Regulated Electric,"American Electric Power Company, Inc."
2025-07-22,106.29451687701801,107.89571958119225,106.040665487651,107.55400085449219,3504100,0.0,0.0,AEP,20.04805,6.66,72215830528,21876000768,154.237,0.573,134.6,97.46,Utilities,Utilities - Regulated Electric,"American Electric Power Company, Inc."
2025-07-23,107.64186886886115,107.64186886886115,105.79658028416488,106.31404113769531,2738800,0.0,0.0,AEP,20.04805,6.66,72215830528,21876000768,154.237,0.573,134.6,97.46,Utilities,Utilities - Regulated Electric,"American Electric Power Company, Inc."
2025-07-24,106.28475249951565,107.29038509843704,106.04066662797514,106.39215087890625,2491300,0.0,0.0,AEP,20.04805,6.66,72215830528,21876000768,154.237,0.573,134.6,97.46,Utilities,Utilities - Regulated Electric,"American Electric Power Company, Inc."
2025-07-25,106.53860827790984,107.36849878553306,106.1773584915494,107.19275665283203,2287300,0.0,0.0,AEP,20.04805,6.66,72215830528,21876000768,154.237,0.573,134.6,97.46,Utilities,Utilities - Regulated Electric,"American Electric Power Company, Inc."
2025-07-28,106.90961379360645,106.98772306174196,105.1912471391743,105.39627838134766,3049900,0.0,0.0,AEP,20.04805,6.66,72215830528,21876000768,154.237,0.573,134.6,97.46,Utilities,Utilities - Regulated Electric,"American Electric Power Company, Inc."
2025-07-29,105.82587120665005,106.69481632440349,105.20101196352196,106.63623809814453,3585200,0.0,0.0,AEP,20.04805,6.66,72215830528,21876000768,154.237,0.573,134.6,97.46,Utilities,Utilities - Regulated Electric,"American Electric Power Company, Inc."
2025-07-30,108.31554141704807,111.52771216326867,108.08121363299325,110.57089233398438,8827800,0.0,0.0,AEP,20.04805,6.66,72215830528,21876000768,154.237,0.573,134.6,97.46,Utilities,Utilities - Regulated Electric,"American Electric Power Company, Inc."
2025-07-31,109.89721237888368,111.20551642806088,109.08685300582482,110.46349334716797,4718300,0.0,0.0,AEP,20.04805,6.66,72215830528,21876000768,154.237,0.573,134.6,97.46,Utilities,Utilities - Regulated Electric,"American Electric Power Company, Inc."
2025-08-01,111.65464366479134,111.67416725734253,109.54573812159185,110.89309692382812,6100900,0.0,0.0,AEP,20.04805,6.66,72215830528,21876000768,154.237,0.573,134.6,97.46,Utilities,Utilities - Regulated Electric,"American Electric Power Company, Inc."
2025-08-04,111.41055774671207,112.56264337845116,111.03954989710144,112.27950286865234,3601200,0.0,0.0,AEP,20.04805,6.66,72215830528,21876000768,154.237,0.573,134.6,97.46,Utilities,Utilities - Regulated Electric,"American Electric Power Company, Inc."
2025-08-05,111.97683686331376,112.63098521160626,110.2096500872854,110.5611343383789,5616700,0.0,0.0,AEP,20.04805,6.66,72215830528,21876000768,154.237,0.573,134.6,97.46,Utilities,Utilities - Regulated Electric,"American Electric Power Company, Inc."
2025-08-06,110.8833308252345,111.63511204154935,110.30729173660373,110.80522155761719,3385200,0.0,0.0,AEP,20.04805,6.66,72215830528,21876000768,154.237,0.573,134.6,97.46,Utilities,Utilities - Regulated Electric,"American Electric Power Company, Inc."
2025-08-07,110.9712070334378,111.76204289368027,110.64901188707613,111.03955078125,3312700,0.0,0.0,AEP,20.04805,6.66,72215830528,21876000768,154.237,0.573,134.6,97.46,Utilities,Utilities - Regulated Electric,"American Electric Power Company, Inc."
2025-08-08,111.22658273055114,111.68924872441217,110.64579436230784,110.74423217773438,2707600,0.93,0.0,AEP,20.04805,6.66,72215830528,21876000768,154.237,0.573,134.6,97.46,Utilities,Utilities - Regulated Electric,"American Electric Power Company, Inc."
2025-08-11,110.95095531053241,111.01001649850463,109.90750093462859,110.25203704833984,2033400,0.0,0.0,AEP,20.04805,6.66,72215830528,21876000768,154.237,0.573,134.6,97.46,Utilities,Utilities - Regulated Electric,"American Electric Power Company, Inc."
2025-08-12,110.30125619641362,110.42922460304956,109.39560878453453,110.2421875,2576800,0.0,0.0,AEP,20.04805,6.66,72215830528,21876000768,154.237,0.573,134.6,97.46,Utilities,Utilities - Regulated Electric,"American Electric Power Company, Inc."
2025-08-13,110.39969476816464,111.60065562906426,110.33078754714533,111.34471130371094,4601400,0.0,0.0,AEP,20.04805,6.66,72215830528,21876000768,154.237,0.573,134.6,97.46,Utilities,Utilities - Regulated Electric,"American Electric Power Company, Inc."
2025-08-14,111.23642436252373,111.50220720468826,110.77375838697473,111.0986099243164,2230700,0.0,0.0,AEP,20.04805,6.66,72215830528,21876000768,154.237,0.573,134.6,97.46,Utilities,Utilities - Regulated Electric,"American Electric Power Company, Inc."
2025-08-15,111.0986122499217,111.53174764211067,110.01578127977305,110.2421875,2354100,0.0,0.0,AEP,20.04805,6.66,72215830528,21876000768,154.237,0.573,134.6,97.46,Utilities,Utilities - Regulated Electric,"American Electric Power Company, Inc."
2025-08-18,110.242188643005,110.57688622507314,108.95263599784785,108.97232055664062,3173900,0.0,0.0,AEP,20.04805,6.66,72215830528,21876000768,154.237,0.573,134.6,97.46,Utilities,Utilities - Regulated Electric,"American Electric Power Company, Inc."
2025-08-19,108.97231625859453,110.93126399062388,108.97231625859453,110.9017333984375,2725800,0.0,0.0,AEP,20.04805,6.66,72215830528,21876000768,154.237,0.573,134.6,97.46,Utilities,Utilities - Regulated Electric,"American Electric Power Company, Inc."
2025-08-20,111.67940196492758,113.2839676362291,111.38408852056466,111.77784729003906,2817700,0.0,0.0,AEP,20.04805,6.66,72215830528,21876000768,154.237,0.573,134.6,97.46,Utilities,Utilities - Regulated Electric,"American Electric Power Company, Inc."
2025-08-21,111.3545525026778,112.09284734310584,111.28564528465078,111.37423706054688,3112300,0.0,0.0,AEP,20.04805,6.66,72215830528,21876000768,154.237,0.573,134.6,97.46,Utilities,Utilities - Regulated Electric,"American Electric Power Company, Inc."
2025-08-22,112.09285606189158,112.80161285515918,111.07892476016659,112.24050903320312,2389100,0.0,0.0,AEP,20.04805,6.66,72215830528,21876000768,154.237,0.573,134.6,97.46,Utilities,Utilities - Regulated Electric,"American Electric Power Company, Inc."
2025-08-25,111.9254953757129,112.55550637526608,111.12813934728668,111.24626922607422,2332100,0.0,0.0,AEP,20.04805,6.66,72215830528,21876000768,154.237,0.573,134.6,97.46,Utilities,Utilities - Regulated Electric,"American Electric Power Company, Inc."
2025-08-26,111.56127973726973,111.56127973726973,110.46860271795252,110.87220001220703,4310200,0.0,0.0,AEP,20.04805,6.66,72215830528,21876000768,154.237,0.573,134.6,97.46,Utilities,Utilities - Regulated Electric,"American Electric Power Company, Inc."
2025-08-27,110.87219898587433,111.48252544922462,110.71469998553079,111.12814331054688,3328100,0.0,0.0,AEP,20.04805,6.66,72215830528,21876000768,154.237,0.573,134.6,97.46,Utilities,Utilities - Regulated Electric,"American Electric Power Company, Inc."
2025-08-28,111.2364299429372,111.40377498196652,109.81890135275009,110.03546905517578,3697300,0.0,0.0,AEP,20.04805,6.66,72215830528,21876000768,154.237,0.573,134.6,97.46,Utilities,Utilities - Regulated Electric,"American Electric Power Company, Inc."
2025-08-29,109.75983500935601,109.89764944800375,108.97231749394867,109.28732299804688,2896200,0.0,0.0,AEP,20.04805,6.66,72215830528,21876000768,154.237,0.573,134.6,97.46,Utilities,Utilities - Regulated Electric,"American Electric Power Company, Inc."
2025-09-02,109.2282661997907,109.40545727235745,107.93871353908617,108.37184143066406,2528600,0.0,0.0,AEP,20.04805,6.66,72215830528,21876000768,154.237,0.573,134.6,97.46,Utilities,Utilities - Regulated Electric,"American Electric Power Company, Inc."
2025-09-03,108.52934234798693,108.60809560069441,107.15119046690016,108.31277465820312,2429800,0.0,0.0,AEP,20.04805,6.66,72215830528,21876000768,154.237,0.573,134.6,97.46,Utilities,Utilities - Regulated Electric,"American Electric Power Company, Inc."
2025-09-04,108.81481402671889,109.00185111876706,105.27100037362047,106.94446563720703,5218200,0.0,0.0,AEP,20.04805,6.66,72215830528,21876000768,154.237,0.573,134.6,97.46,Utilities,Utilities - Regulated Electric,"American Electric Power Company, Inc."
2025-09-05,107.29885405944336,107.45636056944015,105.67460384913933,106.42274475097656,3664400,0.0,0.0,AEP,20.04805,6.66,72215830528,21876000768,154.237,0.573,134.6,97.46,Utilities,Utilities - Regulated Electric,"American Electric Power Company, Inc."
2025-09-08,106.53102443572895,106.60977768764963,105.20209522844227,105.8714828491211,2708100,0.0,0.0,AEP,20.04805,6.66,72215830528,21876000768,154.237,0.573,134.6,97.46,Utilities,Utilities - Regulated Electric,"American Electric Power Company, Inc."
2025-09-09,105.61553816874681,106.88540618784457,105.45803166545247,106.66883850097656,2678700,0.0,0.0,AEP,20.04805,6.66,72215830528,21876000768,154.237,0.573,134.6,97.46,Utilities,Utilities - Regulated Electric,"American Electric Power Company, Inc."
2025-09-10,106.73775395560713,107.12166669910958,105.91085977014676,106.64915466308594,2528600,0.0,0.0,AEP,20.04805,6.66,72215830528,21876000768,154.237,0.573,134.6,97.46,Utilities,Utilities - Regulated Electric,"American Electric Power Company, Inc."
2025-09-11,106.64915655893958,107.2299524570781,106.44243488648068,107.04291534423828,2634600,0.0,0.0,AEP,20.04805,6.66,72215830528,21876000768,154.237,0.573,134.6,97.46,Utilities,Utilities - Regulated Electric,"American Electric Power Company, Inc."
2025-09-12,106.96416084157826,108.00761515344885,106.81650037038514,107.75167083740234,2180700,0.0,0.0,AEP,20.04805,6.66,72215830528,21876000768,154.237,0.573,134.6,97.46,Utilities,Utilities - Regulated Electric,"American Electric Power Company, Inc."
2025-09-15,107.7319830200257,108.06667306830226,107.02321878800079,107.39728546142578,2511600,0.0,0.0,AEP,20.04805,6.66,72215830528,21876000768,154.237,0.573,134.6,97.46,Utilities,Utilities - Regulated Electric,"American Electric Power Company, Inc."
2025-09-16,107.39729229076133,107.43666891841369,104.9461554244115,105.17256164550781,4044500,0.0,0.0,AEP,20.04805,6.66,72215830528,21876000768,154.237,0.573,134.6,97.46,Utilities,Utilities - Regulated Electric,"American Electric Power Company, Inc."
2025-09-17,105.83211093870477,106.24555426422485,105.43835217188023,105.84194946289062,2540200,0.0,0.0,AEP,20.04805,6.66,72215830528,21876000768,154.237,0.573,134.6,97.46,Utilities,Utilities - Regulated Electric,"American Electric Power Company, Inc."
2025-09-18,105.43835787481265,105.65492558379603,104.64100177385042,104.77881622314453,2513400,0.0,0.0,AEP,20.04805,6.66,72215830528,21876000768,154.237,0.573,134.6,97.46,Utilities,Utilities - Regulated Electric,"American Electric Power Company, Inc."
2025-09-19,104.8870945329217,105.95023344122852,104.05035433602374,105.38912963867188,5846000,0.0,0.0,AEP,20.04805,6.66,72215830528,21876000768,154.237,0.573,134.6,97.46,Utilities,Utilities - Regulated Electric,"American Electric Power Company, Inc."
2025-09-22,105.28084239832842,105.70413174524026,104.46380180711833,105.37928771972656,2645900,0.0,0.0,AEP,20.04805,6.66,72215830528,21876000768,154.237,0.573,134.6,97.46,Utilities,Utilities - Regulated Electric,"American Electric Power Company, Inc."
2025-09-23,105.11350280840142,106.67869187368733,105.11350280840142,106.45227813720703,3052200,0.0,0.0,AEP,20.04805,6.66,72215830528,21876000768,154.237,0.573,134.6,97.46,Utilities,Utilities - Regulated Electric,"American Electric Power Company, Inc."
2025-09-24,106.57040614198529,107.87964334354243,106.40305359609516,107.18072509765625,3029100,0.0,0.0,AEP,20.04805,6.66,72215830528,21876000768,154.237,0.573,134.6,97.46,Utilities,Utilities - Regulated Electric,"American Electric Power Company, Inc."
2025-09-25,107.62370247118496,108.25371347218814,106.09789011887575,106.17664337158203,2758000,0.0,0.0,AEP,20.04805,6.66,72215830528,21876000768,154.237,0.573,134.6,97.46,Utilities,Utilities - Regulated Electric,"American Electric Power Company, Inc."
2025-09-26,106.67868897076437,107.80089656726646,106.46212127489139,107.4366683959961,3303000,0.0,0.0,AEP,20.04805,6.66,72215830528,21876000768,154.237,0.573,134.6,97.46,Utilities,Utilities - Regulated Electric,"American Electric Power Company, Inc."
2025-09-29,107.57448432362554,108.43090908450714,106.79681281875409,108.06668090820312,2879900,0.0,0.0,AEP,20.04805,6.66,72215830528,21876000768,154.237,0.573,134.6,97.46,Utilities,Utilities - Regulated Electric,"American Electric Power Company, Inc."
2025-09-30,108.10605816855406,110.86236206244057,107.9583976902523,110.74423217773438,4322900,0.0,0.0,AEP,20.04805,6.66,72215830528,21876000768,154.237,0.573,134.6,97.46,Utilities,Utilities - Regulated Electric,"American Electric Power Company, Inc."
2025-10-01,111.19704758476449,111.69909018630827,110.5079753946641,110.99032592773438,4407800,0.0,0.0,AEP,20.04805,6.66,72215830528,21876000768,154.237,0.573,134.6,97.46,Utilities,Utilities - Regulated Electric,"American Electric Power Company, Inc."
2025-10-02,110.36031786623462,112.27988152580636,109.98625116881968,111.68924713134766,4243400,0.0,0.0,AEP,20.04805,6.66,72215830528,21876000768,154.237,0.573,134.6,97.46,Utilities,Utilities - Regulated Electric,"American Electric Power Company, Inc."
2025-10-03,111.5711124619105,113.2150546778882,111.5711124619105,112.27987670898438,3554600,0.0,0.0,AEP,20.04805,6.66,72215830528,21876000768,154.237,0.573,134.6,97.46,Utilities,Utilities - Regulated Electric,"American Electric Power Company, Inc."
2025-10-06,112.27987680476984,114.03209535579538,111.66955787729827,113.85491180419922,5123200,0.0,0.0,AEP,20.04805,6.66,72215830528,21876000768,154.237,0.573,134.6,97.46,Utilities,Utilities - Regulated Electric,"American Electric Power Company, Inc."
2025-10-07,114.75071363552544,117.20185057098494,114.41602355652952,116.31590270996094,4141800,0.0,0.0,AEP,20.04805,6.66,72215830528,21876000768,154.237,0.573,134.6,97.46,Utilities,Utilities - Regulated Electric,"American Electric Power Company, Inc."
2025-10-08,116.70964912464095,116.82777900601734,114.33726554534036,116.34542846679688,3869600,0.0,0.0,AEP,20.04805,6.66,72215830528,21876000768,154.237,0.573,134.6,97.46,Utilities,Utilities - Regulated Electric,"American Electric Power Company, Inc."
2025-10-09,116.91637548969598,116.95575211840618,114.57352240886864,115.08541107177734,2915900,0.0,0.0,AEP,20.04805,6.66,72215830528,21876000768,154.237,0.573,134.6,97.46,Utilities,Utilities - Regulated Electric,"American Electric Power Company, Inc."
2025-10-10,115.68587576707823,115.91228948845576,113.8450654455034,115.21337127685547,3890000,0.0,0.0,AEP,20.04805,6.66,72215830528,21876000768,154.237,0.573,134.6,97.46,Utilities,Utilities - Regulated Electric,"American Electric Power Company, Inc."
2025-10-13,115.13461843966773,115.98119712388264,114.39632359950289,114.97711944580078,2253200,0.0,0.0,AEP,20.04805,6.66,72215830528,21876000768,154.237,0.573,134.6,97.46,Utilities,Utilities - Regulated Electric,"American Electric Power Company, Inc."
2025-10-14,115.40041691402158,116.83763006950743,115.17400317588539,116.53246307373047,3189800,0.0,0.0,AEP,20.04805,6.66,72215830528,21876000768,154.237,0.573,134.6,97.46,Utilities,Utilities - Regulated Electric,"American Electric Power Company, Inc."
2025-10-15,117.53653946005686,117.53653946005686,115.9418199096742,116.68011474609375,2495200,0.0,0.0,AEP,20.04805,6.66,72215830528,21876000768,154.237,0.573,134.6,97.46,Utilities,Utilities - Regulated Electric,"American Electric Power Company, Inc."
2025-10-16,118.01890068001394,118.5800045061343,115.52838707442146,115.69573211669922,4072000,0.0,0.0,AEP,20.04805,6.66,72215830528,21876000768,154.237,0.573,134.6,97.46,Utilities,Utilities - Regulated Electric,"American Electric Power Company, Inc."
2025-10-17,116.25683594281956,116.35527376119919,114.93775265381964,115.69573211669922,2762000,0.0,0.0,AEP,20.04805,6.66,72215830528,21876000768,154.237,0.573,134.6,97.46,Utilities,Utilities - Regulated Electric,"American Electric Power Company, Inc."
2025-10-20,116.28636064649034,116.34542934278512,115.04603067915615,115.981201171875,2989400,0.0,0.0,AEP,20.04805,6.66,72215830528,21876000768,154.237,0.573,134.6,97.46,Utilities,Utilities - Regulated Electric,"American Electric Power Company, Inc."
2025-10-21,116.12886325111522,116.15839384450862,114.72118072021372,115.5972900390625,2395600,0.0,0.0,AEP,20.04805,6.66,72215830528,21876000768,154.237,0.573,134.6,97.46,Utilities,Utilities - Regulated Electric,"American Electric Power Company, Inc."
2025-10-22,115.5972876976378,116.325736524441,115.24290556344734,115.43978118896484,2461700,0.0,0.0,AEP,20.04805,6.66,72215830528,21876000768,154.237,0.573,134.6,97.46,Utilities,Utilities - Regulated Electric,"American Electric Power Company, Inc."
2025-10-23,115.79416548838024,115.87291874418933,113.62850352589741,114.3667984008789,2284100,0.0,0.0,AEP,20.04805,6.66,72215830528,21876000768,154.237,0.573,134.6,97.46,Utilities,Utilities - Regulated Electric,"American Electric Power Company, Inc."
2025-10-24,114.65227241997556,115.29212947533225,114.0419459577344,114.169921875,1888200,0.0,0.0,AEP,20.04805,6.66,72215830528,21876000768,154.237,0.573,134.6,97.46,Utilities,Utilities - Regulated Electric,"American Electric Power Company, Inc."
2025-10-27,113.67773056433862,114.88853000013616,113.32334840987978,114.57352447509766,2811100,0.0,0.0,AEP,20.04805,6.66,72215830528,21876000768,154.237,0.573,134.6,97.46,Utilities,Utilities - Regulated Electric,"American Electric Power Company, Inc."
2025-10-28,114.70148992789093,114.79008921938124,112.88036404856196,113.3134994506836,3890300,0.0,0.0,AEP,20.04805,6.66,72215830528,21876000768,154.237,0.573,134.6,97.46,Utilities,Utilities - Regulated Electric,"American Electric Power Company, Inc."
2025-10-29,118.42249734690625,120.87363415435242,118.1370224360298,120.2042465209961,9568500,0.0,0.0,AEP,20.04805,6.66,72215830528,21876000768,154.237,0.573,134.6,97.46,Utilities,Utilities - Regulated Electric,"American Electric Power Company, Inc."
2025-10-30,119.6529884671565,120.93269503543323,118.91469361650023,119.98767852783203,4430100,0.0,0.0,AEP,20.04805,6.66,72215830528,21876000768,154.237,0.573,134.6,97.46,Utilities,Utilities - Regulated Electric,"American Electric Power Company, Inc."
2025-10-31,119.00328263222548,119.11156647530163,117.91060567778321,118.38311767578125,4518400,0.0,0.0,AEP,20.04805,6.66,72215830528,21876000768,154.237,0.573,134.6,97.46,Utilities,Utilities - Regulated Electric,"American Electric Power Company, Inc."
2025-11-03,118.12717702091479,118.25514542563761,116.50292683481248,118.04842376708984,3108600,0.0,0.0,AEP,20.04805,6.66,72215830528,21876000768,154.237,0.573,134.6,97.46,Utilities,Utilities - Regulated Electric,"American Electric Power Company, Inc."
2025-11-04,118.48156179687648,119.00328897204344,117.75311295854848,118.42250061035156,2678700,0.0,0.0,AEP,20.04805,6.66,72215830528,21876000768,154.237,0.573,134.6,97.46,Utilities,Utilities - Regulated Electric,"American Electric Power Company, Inc."
2025-11-05,118.6882862539325,119.24939007009893,116.34543317263343,117.89093017578125,3738900,0.0,0.0,AEP,20.04805,6.66,72215830528,21876000768,154.237,0.573,134.6,97.46,Utilities,Utilities - Regulated Electric,"American Electric Power Company, Inc."
2025-11-06,117.53654422782347,118.62922123087377,117.3199765320371,117.66451263427734,6242600,0.0,0.0,AEP,20.04805,6.66,72215830528,21876000768,154.237,0.573,134.6,97.46,Utilities,Utilities - Regulated Electric,"American Electric Power Company, Inc."
2025-11-07,118.1665528465585,119.70220373411382,118.0188923742189,119.53485870361328,3283900,0.0,0.0,AEP,20.04805,6.66,72215830528,21876000768,154.237,0.573,134.6,97.46,Utilities,Utilities - Regulated Electric,"American Electric Power Company, Inc."
2025-11-10,119.99126217749595,122.34266535035108,119.54478775905494,121.59854888916016,5090000,0.95,0.0,AEP,20.04805,6.66,72215830528,21876000768,154.237,0.573,134.6,97.46,Utilities,Utilities - Regulated Electric,"American Electric Power Company, Inc."
2025-11-11,121.90612067560883,122.2533735059883,121.29098168354804,121.76721954345703,3469000,0.0,0.0,AEP,20.04805,6.66,72215830528,21876000768,154.237,0.573,134.6,97.46,Utilities,Utilities - Regulated Electric,"American Electric Power Company, Inc."
2025-11-12,121.74736903700209,122.02517129409036,120.85442780382992,121.71760559082031,3493100,0.0,0.0,AEP,20.04805,6.66,72215830528,21876000768,154.237,0.573,134.6,97.46,Utilities,Utilities - Regulated Electric,"American Electric Power Company, Inc."
2025-11-13,121.29097952869209,122.06485941394446,120.46748885303376,120.52702331542969,2900500,0.0,0.0,AEP,20.04805,6.66,72215830528,21876000768,154.237,0.573,134.6,97.46,Utilities,Utilities - Regulated Electric,"American Electric Power Company, Inc."
2025-11-14,120.62623670618129,121.40011658745271,119.69360835206247,120.34843444824219,3047300,0.0,0.0,AEP,20.04805,6.66,72215830528,21876000768,154.237,0.573,134.6,97.46,Utilities,Utilities - Regulated Electric,"American Electric Power Company, Inc."
2025-11-17,121.36043179770425,123.03717661899218,120.60639167629955,122.74945068359375,4266000,0.0,0.0,AEP,20.04805,6.66,72215830528,21876000768,154.237,0.573,134.6,97.46,Utilities,Utilities - Regulated Electric,"American Electric Power Company, Inc."
2025-11-18,123.4439569081066,123.82098075531064,122.32282417775728,122.54109954833984,3121500,0.0,0.0,AEP,20.04805,6.66,72215830528,21876000768,154.237,0.573,134.6,97.46,Utilities,Utilities - Regulated Electric,"American Electric Power Company, Inc."
2025-11-19,122.35258911599827,122.51133759455463,120.2293774173436,120.75521850585938,3569700,0.0,0.0,AEP,20.04805,6.66,72215830528,21876000768,154.237,0.573,134.6,97.46,Utilities,Utilities - Regulated Electric,"American Electric Power Company, Inc."
2025-11-20,120.89411304248993,121.33066376515274,119.84243092284991,119.95156860351562,3298400,0.0,0.0,AEP,20.04805,6.66,72215830528,21876000768,154.237,0.573,134.6,97.46,Utilities,Utilities - Regulated Electric,"American Electric Power Company, Inc."
2025-11-21,120.21944948625404,120.7651379000303,119.52494384103318,119.89203643798828,3232800,0.0,0.0,AEP,20.04805,6.66,72215830528,21876000768,154.237,0.573,134.6,97.46,Utilities,Utilities - Regulated Electric,"American Electric Power Company, Inc."
2025-11-24,119.82258494960308,121.87634599268553,118.65184146415478,121.08262634277344,6435000,0.0,0.0,AEP,20.04805,6.66,72215830528,21876000768,154.237,0.573,134.6,97.46,Utilities,Utilities - Regulated Electric,"American Electric Power Company, Inc."
2025-11-25,121.63823097666872,121.84658266883751,120.0706238799202,120.62623596191406,4552200,0.0,0.0,AEP,20.04805,6.66,72215830528,21876000768,154.237,0.573,134.6,97.46,Utilities,Utilities - Regulated Electric,"American Electric Power Company, Inc."
2025-11-26,120.84451268628774,121.83666793799932,120.84451268628774,121.75729370117188,2681100,0.0,0.0,AEP,20.04805,6.66,72215830528,21876000768,154.237,0.573,134.6,97.46,Utilities,Utilities - Regulated Electric,"American Electric Power Company, Inc."
2025-11-28,121.91603182908912,122.92803440173482,121.75729092859282,122.7990493774414,1801300,0.0,0.0,AEP,20.04805,6.66,72215830528,21876000768,154.237,0.573,134.6,97.46,Utilities,Utilities - Regulated Electric,"American Electric Power Company, Inc."
2025-12-01,122.14423067900155,122.26329203135279,119.42572747476962,119.56462860107422,3322200,0.0,0.0,AEP,20.04805,6.66,72215830528,21876000768,154.237,0.573,134.6,97.46,Utilities,Utilities - Regulated Electric,"American Electric Power Company, Inc."
2025-12-02,119.82259020914714,120.43772920970378,117.87796676262033,118.294677734375,2878900,0.0,0.0,AEP,20.04805,6.66,72215830528,21876000768,154.237,0.573,134.6,97.46,Utilities,Utilities - Regulated Electric,"American Electric Power Company, Inc."
2025-12-03,118.2946775297262,118.790755170417,116.84612415771029,117.13385009765625,3429600,0.0,0.0,AEP,20.04805,6.66,72215830528,21876000768,154.237,0.573,134.6,97.46,Utilities,Utilities - Regulated Electric,"American Electric Power Company, Inc."
2025-12-04,117.26283084315745,118.17561185197866,116.35004226479244,117.11400604248047,3501500,0.0,0.0,AEP,20.04805,6.66,72215830528,21876000768,154.237,0.573,134.6,97.46,Utilities,Utilities - Regulated Electric,"American Electric Power Company, Inc."
2025-12-05,116.94534059641131,117.19337940584411,115.91349824082563,116.61792755126953,3166400,0.0,0.0,AEP,20.04805,6.66,72215830528,21876000768,154.237,0.573,134.6,97.46,Utilities,Utilities - Regulated Electric,"American Electric Power Company, Inc."
2025-12-08,116.61792684303174,116.65761396064522,114.40541734572884,114.82212829589844,3422900,0.0,0.0,AEP,20.04805,6.66,72215830528,21876000768,154.237,0.573,134.6,97.46,Utilities,Utilities - Regulated Electric,"American Electric Power Company, Inc."
2025-12-09,115.36781367361337,116.17145702068024,114.911423157406,115.15946197509766,2196400,0.0,0.0,AEP,20.04805,6.66,72215830528,21876000768,154.237,0.573,134.6,97.46,Utilities,Utilities - Regulated Electric,"American Electric Power Company, Inc."
2025-12-10,115.74483826612632,115.74483826612632,112.94695311779073,113.26445007324219,3241300,0.0,0.0,AEP,20.04805,6.66,72215830528,21876000768,154.237,0.573,134.6,97.46,Utilities,Utilities - Regulated Electric,"American Electric Power Company, Inc."
2025-12-11,113.61170153602329,114.40542120644643,112.78821084922761,113.36366271972656,3171500,0.0,0.0,AEP,20.04805,6.66,72215830528,21876000768,154.237,0.573,134.6,97.46,Utilities,Utilities - Regulated Electric,"American Electric Power Company, Inc."
2025-12-12,114.09785800047288,114.53440874898969,112.94695423421737,113.23468017578125,2671700,0.0,0.0,AEP,20.04805,6.66,72215830528,21876000768,154.237,0.573,134.6,97.46,Utilities,Utilities - Regulated Electric,"American Electric Power Company, Inc."
2025-12-15,113.84981376289565,115.169382048472,113.51248461475696,114.86180877685547,3031100,0.0,0.0,AEP,20.04805,6.66,72215830528,21876000768,154.237,0.573,134.6,97.46,Utilities,Utilities - Regulated Electric,"American Electric Power Company, Inc."
2025-12-16,114.86180977167555,115.20907016423551,113.08585853831532,113.67122650146484,2706000,0.0,0.0,AEP,20.04805,6.66,72215830528,21876000768,154.237,0.573,134.6,97.46,Utilities,Utilities - Regulated Electric,"American Electric Power Company, Inc."
2025-12-17,113.54224867272018,114.12761663395445,112.97672048578883,113.81012725830078,3808900,0.0,0.0,AEP,20.04805,6.66,72215830528,21876000768,154.237,0.573,134.6,97.46,Utilities,Utilities - Regulated Electric,"American Electric Power Company, Inc."
2025-12-18,114.0978574458414,114.89158469936923,114.0978574458414,114.67330932617188,4794800,0.0,0.0,AEP,20.04805,6.66,72215830528,21876000768,154.237,0.573,134.6,97.46,Utilities,Utilities - Regulated Electric,"American Electric Power Company, Inc."
2025-12-19,114.24667636662024,115.47694673362098,113.462872825764,113.59185028076172,7322400,0.0,0.0,AEP,20.04805,6.66,72215830528,21876000768,154.237,0.573,134.6,97.46,Utilities,Utilities - Regulated Electric,"American Electric Power Company, Inc."
2025-12-22,113.26444993551114,114.00856639247152,112.94695298044577,113.72084045410156,3049000,0.0,0.0,AEP,20.04805,6.66,72215830528,21876000768,154.237,0.573,134.6,97.46,Utilities,Utilities - Regulated Electric,"American Electric Power Company, Inc."
2025-12-23,113.69106911314321,114.32605545191886,113.34381628146093,114.2466812133789,2918000,0.0,0.0,AEP,20.04805,6.66,72215830528,21876000768,154.237,0.573,134.6,97.46,Utilities,Utilities - Regulated Electric,"American Electric Power Company, Inc."
2025-12-24,114.147463483456,114.4847926319517,113.90934077558914,114.4054183959961,1057700,0.0,0.0,AEP,20.04805,6.66,72215830528,21876000768,154.237,0.573,134.6,97.46,Utilities,Utilities - Regulated Electric,"American Electric Power Company, Inc."
2025-12-26,114.28636584857051,115.02055861524698,114.09785392852153,114.7625961303711,1896100,0.0,0.0,AEP,20.04805,6.66,72215830528,21876000768,154.237,0.573,134.6,97.46,Utilities,Utilities - Regulated Electric,"American Electric Power Company, Inc."
2025-12-29,115.18922182266802,115.80436079635733,114.7129915465259,114.86180877685547,1814700,0.0,0.0,AEP,20.04805,6.66,72215830528,21876000768,154.237,0.573,134.6,97.46,Utilities,Utilities - Regulated Electric,"American Electric Power Company, Inc."
2025-12-30,114.67330603655023,115.29836112133025,114.54432100906429,115.08008575439453,6956400,0.0,0.0,AEP,20.04805,6.66,72215830528,21876000768,154.237,0.573,134.6,97.46,Utilities,Utilities - Regulated Electric,"American Electric Power Company, Inc."
2025-12-31,115.09993160629207,115.15945849848691,114.25660116550903,114.4054183959961,1579400,0.0,0.0,AEP,20.04805,6.66,72215830528,21876000768,154.237,0.573,134.6,97.46,Utilities,Utilities - Regulated Electric,"American Electric Power Company, Inc."
2026-01-02,114.53440428983181,115.28843682849345,113.52240169758747,114.90149688720703,3906700,0.0,0.0,AEP,20.04805,6.66,72215830528,21876000768,154.237,0.573,134.6,97.46,Utilities,Utilities - Regulated Electric,"American Electric Power Company, Inc."
2026-01-05,114.66338087138789,114.66338087138789,111.65715170302424,113.1751480102539,3894400,0.0,0.0,AEP,20.04805,6.66,72215830528,21876000768,154.237,0.573,134.6,97.46,Utilities,Utilities - Regulated Electric,"American Electric Power Company, Inc."
2026-01-06,113.15531113060723,114.32605464742925,112.9568755356537,114.13754272460938,2535800,0.0,0.0,AEP,20.04805,6.66,72215830528,21876000768,154.237,0.573,134.6,97.46,Utilities,Utilities - Regulated Electric,"American Electric Power Company, Inc."
2026-01-07,114.42527001038138,114.61377436588168,112.36158521577633,112.80805206298828,2557000,0.0,0.0,AEP,20.04805,6.66,72215830528,21876000768,154.237,0.573,134.6,97.46,Utilities,Utilities - Regulated Electric,"American Electric Power Company, Inc."
2026-01-08,112.98663987873243,115.5860894216632,112.84773874593516,115.02056121826172,3230800,0.0,0.0,AEP,20.04805,6.66,72215830528,21876000768,154.237,0.573,134.6,97.46,Utilities,Utilities - Regulated Electric,"American Electric Power Company, Inc."
2026-01-09,115.09000923280048,116.48895177151125,115.0403984423826,115.99287414550781,2867700,0.0,0.0,AEP,20.04805,6.66,72215830528,21876000768,154.237,0.573,134.6,97.46,Utilities,Utilities - Regulated Electric,"American Electric Power Company, Inc."
2026-01-12,114.69314863541643,116.77667320553516,114.45503348814277,115.6555404663086,3437400,0.0,0.0,AEP,20.04805,6.66,72215830528,21876000768,154.237,0.573,134.6,97.46,Utilities,Utilities - Regulated Electric,"American Electric Power Company, Inc."
2026-01-13,115.65553599974369,116.09208672750607,114.66338075995193,115.70514678955078,2735100,0.0,0.0,AEP,20.04805,6.66,72215830528,21876000768,154.237,0.573,134.6,97.46,Utilities,Utilities - Regulated Electric,"American Electric Power Company, Inc."
2026-01-14,116.07223982309004,117.6398469245848,115.7646741198445,117.18345642089844,3143800,0.0,0.0,AEP,20.04805,6.66,72215830528,21876000768,154.237,0.573,134.6,97.46,Utilities,Utilities - Regulated Electric,"American Electric Power Company, Inc."
2026-01-15,117.48110916138856,118.76098279856946,116.72706903666935,118.46334075927734,3085800,0.0,0.0,AEP,20.04805,6.66,72215830528,21876000768,154.237,0.573,134.6,97.46,Utilities,Utilities - Regulated Electric,"American Electric Power Company, Inc."
2026-01-16,118.08631542227579,119.19753203576076,117.29259575796699,119.0189437866211,4044500,0.0,0.0,AEP,20.04805,6.66,72215830528,21876000768,154.237,0.573,134.6,97.46,Utilities,Utilities - Regulated Electric,"American Electric Power Company, Inc."
2026-01-20,118.26490454784731,119.50509862896796,117.34219984871179,118.28475189208984,4776400,0.0,0.0,AEP,20.04805,6.66,72215830528,21876000768,154.237,0.573,134.6,97.46,Utilities,Utilities - Regulated Electric,"American Electric Power Company, Inc."
2026-01-21,118.81059472340624,119.40588637721387,116.92549817839537,118.04663848876953,3632500,0.0,0.0,AEP,20.04805,6.66,72215830528,21876000768,154.237,0.573,134.6,97.46,Utilities,Utilities - Regulated Electric,"American Electric Power Company, Inc."
2026-01-22,117.77874610326364,118.42364851480143,116.11192501891755,116.26074981689453,2880500,0.0,0.0,AEP,20.04805,6.66,72215830528,21876000768,154.237,0.573,134.6,97.46,Utilities,Utilities - Regulated Electric,"American Electric Power Company, Inc."
2026-01-23,116.01271460762537,116.2508297500462,114.653459179283,115.7150650024414,2525900,0.0,0.0,AEP,20.04805,6.66,72215830528,21876000768,154.237,0.573,134.6,97.46,Utilities,Utilities - Regulated Electric,"American Electric Power Company, Inc."
2026-01-26,116.19130462504957,118.23514206514834,116.0920906116597,117.09416198730469,3992200,0.0,0.0,AEP,20.04805,6.66,72215830528,21876000768,154.237,0.573,134.6,97.46,Utilities,Utilities - Regulated Electric,"American Electric Power Company, Inc."
2026-01-27,116.8163582153676,118.82051607989717,116.55840329778967,118.49310302734375,2675700,0.0,0.0,AEP,20.04805,6.66,72215830528,21876000768,154.237,0.573,134.6,97.46,Utilities,Utilities - Regulated Electric,"American Electric Power Company, Inc."
2026-01-28,118.31451670649703,119.25706119122593,117.60016369638736,118.18553924560547,1888800,0.0,0.0,AEP,20.04805,6.66,72215830528,21876000768,154.237,0.573,134.6,97.46,Utilities,Utilities - Regulated Electric,"American Electric Power Company, Inc."
2026-01-29,118.6320025441773,119.87219660254226,117.62000752315076,118.27482604980469,3537800,0.0,0.0,AEP,20.04805,6.66,72215830528,21876000768,154.237,0.573,134.6,97.46,Utilities,Utilities - Regulated Electric,"American Electric Power Company, Inc."
2026-01-30,118.08631480814944,118.93956893076322,117.05448000686863,118.8403549194336,3640700,0.0,0.0,AEP,20.04805,6.66,72215830528,21876000768,154.237,0.573,134.6,97.46,Utilities,Utilities - Regulated Electric,"American Electric Power Company, Inc."
2026-02-02,119.03879108668822,119.43564713392388,117.13384724005515,117.4017333984375,3941300,0.0,0.0,AEP,20.04805,6.66,72215830528,21876000768,154.237,0.573,134.6,97.46,Utilities,Utilities - Regulated Electric,"American Electric Power Company, Inc."
2026-02-03,117.81843713048774,120.46748985812059,117.81843713048774,119.72337341308594,3482200,0.0,0.0,AEP,20.04805,6.66,72215830528,21876000768,154.237,0.573,134.6,97.46,Utilities,Utilities - Regulated Electric,"American Electric Power Company, Inc."
2026-02-04,120.59647125032185,121.23144999204263,118.7808253624904,119.03878784179688,4653400,0.0,0.0,AEP,20.04805,6.66,72215830528,21876000768,154.237,0.573,134.6,97.46,Utilities,Utilities - Regulated Electric,"American Electric Power Company, Inc."
2026-02-05,119.82258978552466,120.46749223116718,118.86020552273905,119.66384887695312,4338300,0.0,0.0,AEP,20.04805,6.66,72215830528,21876000768,154.237,0.573,134.6,97.46,Utilities,Utilities - Regulated Electric,"American Electric Power Company, Inc."
2026-02-06,120.2591356690554,121.47948994421535,118.91972760966581,119.85235595703125,2767700,0.0,0.0,AEP,20.04805,6.66,72215830528,21876000768,154.237,0.573,134.6,97.46,Utilities,Utilities - Regulated Electric,"American Electric Power Company, Inc."
2026-02-09,119.59439699765997,120.52702537249374,118.97925800602903,120.1500015258789,2654000,0.0,0.0,AEP,20.04805,6.66,72215830528,21876000768,154.237,0.573,134.6,97.46,Utilities,Utilities - Regulated Electric,"American Electric Power Company, Inc."
2026-02-10,120.23999786376953,122.4000015258789,119.70999908447266,121.2300033569336,3506000,0.95,0.0,AEP,20.04805,6.66,72215830528,21876000768,154.237,0.573,134.6,97.46,Utilities,Utilities - Regulated Electric,"American Electric Power Company, Inc."
2026-02-11,121.45999908447266,122.58999633789062,120.47000122070312,122.25,2843800,0.0,0.0,AEP,20.04805,6.66,72215830528,21876000768,154.237,0.573,134.6,97.46,Utilities,Utilities - Regulated Electric,"American Electric Power Company, Inc."
2026-02-12,124.19999694824219,128.9199981689453,123.69000244140625,126.43000030517578,6301700,0.0,0.0,AEP,20.04805,6.66,72215830528,21876000768,154.237,0.573,134.6,97.46,Utilities,Utilities - Regulated Electric,"American Electric Power Company, Inc."
2026-02-13,127.31999969482422,130.07000732421875,126.61000061035156,129.94000244140625,4671900,0.0,0.0,AEP,20.04805,6.66,72215830528,21876000768,154.237,0.573,134.6,97.46,Utilities,Utilities - Regulated Electric,"American Electric Power Company, Inc."
2026-02-17,131.30999755859375,132.77999877929688,129.61000061035156,130.24000549316406,4034900,0.0,0.0,AEP,20.04805,6.66,72215830528,21876000768,154.237,0.573,134.6,97.46,Utilities,Utilities - Regulated Electric,"American Electric Power Company, Inc."
2026-02-18,129.83999633789062,130.3000030517578,126.8499984741211,127.2699966430664,3626100,0.0,0.0,AEP,20.04805,6.66,72215830528,21876000768,154.237,0.573,134.6,97.46,Utilities,Utilities - Regulated Electric,"American Electric Power Company, Inc."
2026-02-19,127.2699966430664,128.83999633789062,127.08000183105469,128.4199981689453,2556200,0.0,0.0,AEP,20.04805,6.66,72215830528,21876000768,154.237,0.573,134.6,97.46,Utilities,Utilities - Regulated Electric,"American Electric Power Company, Inc."
2026-02-20,129.33999633789062,129.91000366210938,127.72000122070312,129.3699951171875,3021300,0.0,0.0,AEP,20.04805,6.66,72215830528,21876000768,154.237,0.573,134.6,97.46,Utilities,Utilities - Regulated Electric,"American Electric Power Company, Inc."
2026-02-23,129.47999572753906,132.11000061035156,129.39999389648438,132.02999877929688,3592500,0.0,0.0,AEP,20.04805,6.66,72215830528,21876000768,154.237,0.573,134.6,97.46,Utilities,Utilities - Regulated Electric,"American Electric Power Company, Inc."
2026-02-24,131.4600067138672,132.55999755859375,130.27000427246094,132.38999938964844,3209200,0.0,0.0,AEP,20.04805,6.66,72215830528,21876000768,154.237,0.573,134.6,97.46,Utilities,Utilities - Regulated Electric,"American Electric Power Company, Inc."
2026-02-25,132.1699981689453,132.85000610351562,130.27000427246094,132.4600067138672,3459800,0.0,0.0,AEP,20.04805,6.66,72215830528,21876000768,154.237,0.573,134.6,97.46,Utilities,Utilities - Regulated Electric,"American Electric Power Company, Inc."
2026-02-26,132.2100067138672,133.05999755859375,131.14999389648438,132.10000610351562,3811400,0.0,0.0,AEP,20.04805,6.66,72215830528,21876000768,154.237,0.573,134.6,97.46,Utilities,Utilities - Regulated Electric,"American Electric Power Company, Inc."
2026-02-27,132.11000061035156,134.60000610351562,132.0399932861328,133.82000732421875,3332600,0.0,0.0,AEP,20.04805,6.66,72215830528,21876000768,154.237,0.573,134.6,97.46,Utilities,Utilities - Regulated Electric,"American Electric Power Company, Inc."
2026-03-02,133.8300018310547,134.22999572753906,133.00999450683594,133.2899932861328,2978600,0.0,0.0,AEP,20.04805,6.66,72215830528,21876000768,154.237,0.573,134.6,97.46,Utilities,Utilities - Regulated Electric,"American Electric Power Company, Inc."
2026-03-03,132.38999938964844,133.32000732421875,129.60000610351562,131.9199981689453,4048500,0.0,0.0,AEP,20.04805,6.66,72215830528,21876000768,154.237,0.573,134.6,97.46,Utilities,Utilities - Regulated Electric,"American Electric Power Company, Inc."
