date,open,high,low,close,volume,dividends,stock_splits,ticker,pe_ratio,eps,market_cap_usd_m,revenue_ttm_usd_m,debt_to_equity,beta,52w_high,52w_low,sector,industry,long_name,daily_return,log_return,rolling_vol_30d,rolling_vol_60d,sma_20,sma_50,price_vs_52w_high_pct,close_norm,volume_norm
2025-03-04,24.292727548518297,24.813551209175323,23.66029793076223,23.68819808959961,5606100,0.0,0.0,CAG,,-0.21,9017.265152,11234.499584,94.229,-0.061,28.52,15.96,Consumer Defensive,Packaged Foods,"Conagra Brands, Inc.",,,,,,,-16.94180192987514,0.7984057648294484,0.03610731707317073
2025-03-05,23.660299458389822,23.985814932536062,23.409187369141296,23.61379623413086,4618100,0.0,0.0,CAG,,-0.21,9017.265152,11234.499584,94.229,-0.061,28.52,15.96,Consumer Defensive,Packaged Foods,"Conagra Brands, Inc.",-0.0031408828644259312,-0.0031458257898233253,,,,,-17.20267800094369,0.7909047485540429,0.016829268292682928
2025-03-06,23.84630653956245,24.236924745660712,23.70680041750948,24.162521362304688,4091300,0.0,0.0,CAG,,-0.21,9017.265152,11234.499584,94.229,-0.061,28.52,15.96,Consumer Defensive,Packaged Foods,"Conagra Brands, Inc.",0.02323748044292495,0.022971601224321448,,,,,-15.278676850264066,0.8462258973509921,0.006550243902439024
2025-03-07,24.171821829047975,25.911003341329117,24.171821829047975,25.325075149536133,10894300,0.0,0.0,CAG,,-0.21,9017.265152,11234.499584,94.229,-0.061,28.52,15.96,Consumer Defensive,Packaged Foods,"Conagra Brands, Inc.",0.0481139269283839,0.04699228889159569,,,,,-11.202401298961664,0.9634317764801757,0.13929170731707316
2025-03-10,25.706391338614562,26.5248302798195,25.548283936830643,25.68779182434082,10118000,0.0,0.0,CAG,,-0.21,9017.265152,11234.499584,94.229,-0.061,28.52,15.96,Consumer Defensive,Packaged Foods,"Conagra Brands, Inc.",0.014322432319073819,0.014220835214680566,,,,,-9.930603701469773,1.0,0.12414439024390243
2025-03-11,25.79939870736069,25.79939870736069,24.804252745886462,24.841453552246094,5330600,0.0,0.0,CAG,,-0.21,9017.265152,11234.499584,94.229,-0.061,28.52,15.96,Consumer Defensive,Packaged Foods,"Conagra Brands, Inc.",-0.0329471010152288,-0.03350208080089546,,,,,-12.898129199698127,0.9146742092185121,0.03073170731707317
2025-03-12,24.50663731338449,24.674045363911258,23.967212358307425,24.0974178314209,6361300,0.0,0.0,CAG,,-0.21,9017.265152,11234.499584,94.229,-0.061,28.52,15.96,Consumer Defensive,Packaged Foods,"Conagra Brands, Inc.",-0.029951376205114233,-0.03040908111746231,,,,,-15.506950100207229,0.8396623158157067,0.05084292682926829
2025-03-13,24.199721669059322,24.553137263342453,23.92070767723077,24.004411697387695,4018200,0.0,0.0,CAG,,-0.21,9017.265152,11234.499584,94.229,-0.061,28.52,15.96,Consumer Defensive,Packaged Foods,"Conagra Brands, Inc.",-0.0038595892175605773,-0.003867056652371299,,,,,-15.833058564559272,0.8302856608828385,0.00512390243902439
2025-03-14,23.855606079101562,24.088116863057554,23.725400607739488,23.855606079101562,4037400,0.0,0.0,CAG,,-0.21,9017.265152,11234.499584,94.229,-0.061,28.52,15.96,Consumer Defensive,Packaged Foods,"Conagra Brands, Inc.",-0.0061990945731998925,-0.006218388738863869,,,,,-16.35481739445455,0.815283436037722,0.005498536585365854
2025-03-17,23.90211037472488,24.460134862171184,23.771903123593038,24.246225357055664,4374100,0.0,0.0,CAG,,-0.21,9017.265152,11234.499584,94.229,-0.061,28.52,15.96,Consumer Defensive,Packaged Foods,"Conagra Brands, Inc.",0.016374317913318448,0.016241704448178733,,,,,-14.98518458255377,0.8546647329551289,0.01206829268292683
2025-03-18,24.3485298764874,24.553138730252755,24.143919248805524,24.181121826171875,4426900,0.0,0.0,CAG,,-0.21,9017.265152,11234.499584,94.229,-0.061,28.52,15.96,Consumer Defensive,Packaged Foods,"Conagra Brands, Inc.",-0.002685099636131394,-0.0026887109821572084,,,,,-15.21345783249693,0.8481011514198434,0.013098536585365854
2025-03-19,24.04161615084105,24.20902420423406,23.930010190606858,24.088117599487305,4623400,0.0,0.0,CAG,,-0.21,9017.265152,11234.499584,94.229,-0.061,28.52,15.96,Consumer Defensive,Packaged Foods,"Conagra Brands, Inc.",-0.003846150205649601,-0.0038535656614297406,,,,,-15.539559609090794,0.838724688781281,0.016932682926829267
2025-03-20,24.116019533024993,24.199723559721495,23.87420809744804,24.088117599487305,6269200,0.0,0.0,CAG,,-0.21,9017.265152,11234.499584,94.229,-0.061,28.52,15.96,Consumer Defensive,Packaged Foods,"Conagra Brands, Inc.",0.0,0.0,,,,,-15.539559609090794,0.838724688781281,0.04904585365853659
2025-03-21,24.060215458254095,24.4322323385343,23.734700022790264,23.883506774902344,21562500,0.0,0.0,CAG,,-0.21,9017.265152,11234.499584,94.229,-0.061,28.52,15.96,Consumer Defensive,Packaged Foods,"Conagra Brands, Inc.",-0.008494263768843324,-0.008530545631904616,,,,,-16.25698886780384,0.8180963171409991,0.34745170731707314
2025-03-24,23.846305816442104,24.04161580052691,23.688198409865464,23.930009841918945,5538400,0.0,0.0,CAG,,-0.21,9017.265152,11234.499584,94.229,-0.061,28.52,15.96,Consumer Defensive,Packaged Foods,"Conagra Brands, Inc.",0.0019470786871829127,0.0019451855864216615,,,,,-16.09393463562782,0.8227846446074331,0.03478634146341463
2025-03-25,23.939311584152602,23.939311584152602,23.43708918217618,23.576595306396484,4627600,0.0,0.0,CAG,,-0.21,9017.265152,11234.499584,94.229,-0.061,28.52,15.96,Consumer Defensive,Packaged Foods,"Conagra Brands, Inc.",-0.014768674892200573,-0.014878817557304783,,,,,-17.333116036477964,0.7871542404163403,0.017014634146341464
2025-03-26,23.57659562710481,24.236925451891025,23.57659562710481,24.106719970703125,5376700,0.0,0.0,CAG,,-0.21,9017.265152,11234.499584,94.229,-0.061,28.52,15.96,Consumer Defensive,Packaged Foods,"Conagra Brands, Inc.",0.022485208632427645,0.022236142945031494,,,,,-15.47433390356548,0.840600135144438,0.03163121951219512
2025-03-27,24.35782983007608,24.711245435451428,24.190421784508004,24.60894012451172,4507900,0.0,0.0,CAG,,-0.21,9017.265152,11234.499584,94.229,-0.061,28.52,15.96,Consumer Defensive,Packaged Foods,"Conagra Brands, Inc.",0.02083320146494172,0.02061915802552739,,,,,-13.71339367282006,0.8912327641806475,0.014679024390243902
2025-03-28,24.850753440134856,24.897256664063313,24.525239742218716,24.692646026611328,5047900,0.0,0.0,CAG,,-0.21,9017.265152,11234.499584,94.229,-0.061,28.52,15.96,Consumer Defensive,Packaged Foods,"Conagra Brands, Inc.",0.0034014427958330984,0.0033956709739312303,,,,,-13.419894717351582,0.8996717920790899,0.02521560975609756
2025-03-31,24.841449610270857,25.185566327553623,24.683343990935654,24.804248809814453,7741900,0.0,0.0,CAG,,-0.21,9017.265152,11234.499584,94.229,-0.061,28.52,15.96,Consumer Defensive,Packaged Foods,"Conagra Brands, Inc.",0.004519676954946483,0.004509493886316443,,,24.274126052856445,,-13.02858061074876,0.910923316492198,0.07778146341463414
2025-04-01,24.999558122883247,24.999558122883247,24.43223302962717,24.739147186279297,5862300,0.0,0.0,CAG,,-0.21,9017.265152,11234.499584,94.229,-0.061,28.52,15.96,Consumer Defensive,Packaged Foods,"Conagra Brands, Inc.",-0.002624615808135111,-0.0026280661507434022,,,24.32667350769043,,-13.256847172933742,0.9043599272512183,0.04110634146341463
2025-04-02,24.83215357626183,24.86935438096632,24.218325220346735,24.53453826904297,8200700,0.0,0.0,CAG,,-0.21,9017.265152,11234.499584,94.229,-0.061,28.52,15.96,Consumer Defensive,Packaged Foods,"Conagra Brands, Inc.",-0.008270653620178425,-0.008305045234525535,,,24.372710609436034,,-13.974269743888607,0.883731747905242,0.08673365853658536
2025-04-03,25.111165944810963,25.715693659069387,24.367132107864684,24.906557083129883,11473400,0.0,0.0,CAG,,-0.21,9017.265152,11234.499584,94.229,-0.061,28.52,15.96,Consumer Defensive,Packaged Foods,"Conagra Brands, Inc.",0.015163065634551609,0.015049255387577821,,,24.409912395477296,,-12.669855949754968,0.9212377907537975,0.15059121951219512
2025-04-04,24.832154146182766,25.743596056318573,24.674046731247646,24.813552856445312,11257600,0.0,0.0,CAG,,-0.21,9017.265152,11234.499584,94.229,-0.061,28.52,15.96,Consumer Defensive,Packaged Foods,"Conagra Brands, Inc.",-0.003734126173045582,-0.003741115426778925,,,24.384336280822755,,-12.995957726348834,0.911861328115235,0.14638048780487806
2025-04-07,24.497337056081534,25.05536330868189,24.14391966073747,24.17182159423828,9648000,0.0,0.0,CAG,,-0.21,9017.265152,11234.499584,94.229,-0.061,28.52,15.96,Consumer Defensive,Packaged Foods,"Conagra Brands, Inc.",-0.02586212727857473,-0.02620243225521763,,,24.308537769317628,,-15.246067341380499,0.8471635243854178,0.11497365853658537
2025-04-08,24.357831875627298,24.413633970864048,23.11157384720129,23.241779327392578,7550900,0.0,0.0,CAG,,-0.21,9017.265152,11234.499584,94.229,-0.061,28.52,15.96,Consumer Defensive,Packaged Foods,"Conagra Brands, Inc.",-0.0384763003160421,-0.03923606559981328,,,24.228554058074952,,-18.50708510731915,0.7533988979997931,0.07405463414634146
2025-04-09,22.990667762711883,24.097419691349206,22.795359537967062,23.892810821533203,6987800,0.0,0.0,CAG,,-0.21,9017.265152,11234.499584,94.229,-0.061,28.52,15.96,Consumer Defensive,Packaged Foods,"Conagra Brands, Inc.",0.028011258732386413,0.027626119047305685,,,24.218323707580566,,-16.224365983403917,0.819034328764036,0.06306731707317073
2025-04-10,23.809104276690395,24.264825193575668,23.36268400389459,23.697498321533203,6897800,0.0,0.0,CAG,,-0.21,9017.265152,11234.499584,94.229,-0.061,28.52,15.96,Consumer Defensive,Packaged Foods,"Conagra Brands, Inc.",-0.00817453004834312,-0.008208124724823336,,,24.20297803878784,,-16.909192420991573,0.799343391863874,0.06131121951219512
2025-04-11,23.67889848353225,24.255526034978864,23.539392361479283,24.162521362304688,7995400,0.0,0.0,CAG,,-0.21,9017.265152,11234.499584,94.229,-0.061,28.52,15.96,Consumer Defensive,Packaged Foods,"Conagra Brands, Inc.",0.01962329670676377,0.019433242127724584,,,24.218323802948,,-15.278676850264066,0.8462258973509921,0.08272780487804877
2025-04-14,24.18112324989478,24.497338080460583,23.967213739193397,24.357831954956055,4698800,0.0,0.0,CAG,,-0.21,9017.265152,11234.499584,94.229,-0.061,28.52,15.96,Consumer Defensive,Packaged Foods,"Conagra Brands, Inc.",0.008083204137630418,0.008050710029957681,,,24.223904132843018,,-14.59385710043459,0.8659166419568484,0.01840390243902439
2025-04-15,24.311327454665747,24.45083534676561,23.71610040432806,23.762601852416992,4372700,0.0,0.0,CAG,,-0.21,9017.265152,11234.499584,94.229,-0.061,28.52,15.96,Consumer Defensive,Packaged Foods,"Conagra Brands, Inc.",-0.02443690816324695,-0.024740444601632036,0.3095437656868124,,24.202978134155273,,-16.680919171048416,0.8059069733991595,0.012040975609756097
2025-04-16,23.939311762805414,23.94861240767839,23.083671947574413,23.1580753326416,4362200,0.0,0.0,CAG,,-0.21,9017.265152,11234.499584,94.229,-0.061,28.52,15.96,Consumer Defensive,Packaged Foods,"Conagra Brands, Inc.",-0.02544024949498125,-0.025769447901815522,0.31831313183204196,,24.15647602081299,,-18.800577375029444,0.7449600623956563,0.01183609756097561
2025-04-17,23.139472807818482,23.623095671899996,23.13017393735846,23.557992935180664,4787800,0.0,0.0,CAG,,-0.21,9017.265152,11234.499584,94.229,-0.061,28.52,15.96,Consumer Defensive,Packaged Foods,"Conagra Brands, Inc.",0.01726903452876205,0.01712161947565598,0.3149045859388946,,24.129969787597656,,-17.398341742003282,0.7852787940531832,0.020140487804878048
2025-04-21,23.437089303696673,23.669600103241613,23.39058607943771,23.61379623413086,4696500,0.0,0.0,CAG,,-0.21,9017.265152,11234.499584,94.229,-0.061,28.52,15.96,Consumer Defensive,Packaged Foods,"Conagra Brands, Inc.",0.0023687628697290908,0.0023659617735123273,0.2792335222321287,,24.116484260559083,,-17.20267800094369,0.7909047485540429,0.0183590243902439
2025-04-22,23.632395586823375,23.97651232246794,23.4742881851353,23.697498321533203,4472100,0.0,0.0,CAG,,-0.21,9017.265152,11234.499584,94.229,-0.061,28.52,15.96,Consumer Defensive,Packaged Foods,"Conagra Brands, Inc.",0.003544626479047963,0.0035383590965966604,0.27542008485360453,,24.104858684539796,,-16.909192420991573,0.799343391863874,0.01398048780487805
2025-04-23,23.725399922290467,23.790502656090627,23.27897965573242,23.455686569213867,4535800,0.0,0.0,CAG,,-0.21,9017.265152,11234.499584,94.229,-0.061,28.52,15.96,Consumer Defensive,Packaged Foods,"Conagra Brands, Inc.",-0.010204104629036204,-0.010256523400648625,0.2611163185119697,,24.098813247680663,,-17.757059715238892,0.7749645120858895,0.01522341463414634
2025-04-24,23.49289061525549,23.502191259797048,23.07437048046822,23.17667579650879,4307500,0.0,0.0,CAG,,-0.21,9017.265152,11234.499584,94.229,-0.061,28.52,15.96,Consumer Defensive,Packaged Foods,"Conagra Brands, Inc.",-0.01189522940979637,-0.01196654374894855,0.2491587899485447,,24.05231103897095,,-18.73535835726231,0.7468353164645076,0.010768780487804878
2025-04-25,23.232479033793087,23.362686289869647,22.544247269078838,22.73955726623535,6447200,0.0,0.0,CAG,,-0.21,9017.265152,11234.499584,94.229,-0.061,28.52,15.96,Consumer Defensive,Packaged Foods,"Conagra Brands, Inc.",-0.018860277207626286,-0.01904040061653579,0.2543016025902831,,23.95884189605713,,-20.268032025822748,0.702766076669278,0.052519024390243904
2025-04-28,22.824475127975056,22.94713583678312,22.664071555116013,22.720684051513672,5937200,0.35,0.0,CAG,,-0.21,9017.265152,11234.499584,94.229,-0.061,28.52,15.96,Consumer Defensive,Packaged Foods,"Conagra Brands, Inc.",-0.000829972831076331,-0.0008303174492221532,0.2539480472327736,,23.860243797302246,,-20.334207393009564,0.7008633245147164,0.04256780487804878
2025-04-29,22.654637684939633,23.013185924243395,22.475362665448273,22.96600914001465,5255300,0.0,0.0,CAG,,-0.21,9017.265152,11234.499584,94.229,-0.061,28.52,15.96,Consumer Defensive,Packaged Foods,"Conagra Brands, Inc.",0.010797434088901658,0.010739558033331546,0.2510348784781601,,23.768331813812257,,-19.47402124819548,0.7255964104037372,0.029262439024390244
2025-04-30,23.19245998329894,23.40004034485974,22.95657247256576,23.315120697021484,6130300,0.0,0.0,CAG,,-0.21,9017.265152,11234.499584,94.229,-0.061,28.52,15.96,Consumer Defensive,Packaged Foods,"Conagra Brands, Inc.",0.015201228688817459,0.015086847709681833,0.2557245070357027,,23.697130489349366,,-18.24992742979844,0.7607929986412484,0.04633560975609756
2025-05-01,23.050926174755272,23.249070805638464,22.796167249609372,22.815038681030273,4385800,0.0,0.0,CAG,,-0.21,9017.265152,11234.499584,94.229,-0.061,28.52,15.96,Consumer Defensive,Packaged Foods,"Conagra Brands, Inc.",-0.021448828101288675,-0.02168219724492458,0.26237621234552794,,23.61115550994873,,-20.003370683624567,0.7103759315216902,0.012296585365853659
2025-05-02,22.881087407726216,22.928264187664443,22.333828481920328,22.513103485107422,5310500,0.0,0.0,CAG,,-0.21,9017.265152,11234.499584,94.229,-0.061,28.52,15.96,Consumer Defensive,Packaged Foods,"Conagra Brands, Inc.",-0.013234042691932735,-0.013322392988416736,0.2644372005187713,,23.49148283004761,,-21.062049491208196,0.6799355506405131,0.030339512195121952
2025-05-05,22.41874883463461,22.44705598330015,22.00358631926762,22.182861328125,5285200,0.0,0.0,CAG,,-0.21,9017.265152,11234.499584,94.229,-0.061,28.52,15.96,Consumer Defensive,Packaged Foods,"Conagra Brands, Inc.",-0.01466888637547814,-0.014777538333823871,0.26632996936282344,,23.359948253631593,,-22.21998131793478,0.6466413299689522,0.029845853658536585
2025-05-06,22.09794098829049,22.230037411892955,21.965844564688027,22.031892776489258,4542400,0.0,0.0,CAG,,-0.21,9017.265152,11234.499584,94.229,-0.061,28.52,15.96,Consumer Defensive,Packaged Foods,"Conagra Brands, Inc.",-0.0068056392456609105,-0.006828903219320012,0.26631874630030516,,23.25295181274414,,-22.749324065605688,0.6314210433812107,0.015352195121951219
2025-05-07,22.0413292051007,22.069634554114284,21.57898990786397,21.701650619506836,10011900,0.0,0.0,CAG,,-0.21,9017.265152,11234.499584,94.229,-0.061,28.52,15.96,Consumer Defensive,Packaged Foods,"Conagra Brands, Inc.",-0.014989277604638307,-0.015102752188726514,0.2664069851849484,,23.175945377349855,,-23.907255892332273,0.5981268227096498,0.12207414634146342
2025-05-08,21.65447404397371,22.05076513104247,21.494070465882093,21.909231185913086,8712000,0.0,0.0,CAG,,-0.21,9017.265152,11234.499584,94.229,-0.061,28.52,15.96,Consumer Defensive,Packaged Foods,"Conagra Brands, Inc.",0.009565197138491577,0.00951974027966989,0.25833566054987817,,23.076766395568846,,-23.179413794133637,0.6190545965838532,0.09671024390243903
2025-05-09,21.937539371590997,22.079071523729986,21.758264352386167,21.786571502685547,7697700,0.0,0.0,CAG,,-0.21,9017.265152,11234.499584,94.229,-0.061,28.52,15.96,Consumer Defensive,Packaged Foods,"Conagra Brands, Inc.",-0.005598538907490513,-0.005614269466009709,0.2482611695981094,,22.981220054626466,,-23.60949683490341,0.6066883420808012,0.07691902439024391
2025-05-12,21.852618020612947,22.145118018905904,21.67334301535264,21.994150161743164,8948900,0.0,0.0,CAG,,-0.21,9017.265152,11234.499584,94.229,-0.061,28.52,15.96,Consumer Defensive,Packaged Foods,"Conagra Brands, Inc.",0.009527825845935922,0.009482722378924849,0.2504592862369726,,22.872801494598388,,-22.88166142446296,0.627615923660699,0.10133268292682927
2025-05-13,21.93753748591733,22.00358569792632,21.35253569443419,21.54124641418457,7362400,0.0,0.0,CAG,,-0.21,9017.265152,11234.499584,94.229,-0.061,28.52,15.96,Consumer Defensive,Packaged Foods,"Conagra Brands, Inc.",-0.020592009431052216,-0.0208069811103343,0.2538243629044862,,22.731972217559814,23.652800483703615,-24.469682979717494,0.5819552561917805,0.07037658536585366
2025-05-14,21.465763496763795,21.522375995482534,21.11664918869398,21.18269920349121,6485900,0.0,0.0,CAG,,-0.21,9017.265152,11234.499584,94.229,-0.061,28.52,15.96,Consumer Defensive,Packaged Foods,"Conagra Brands, Inc.",-0.016644682661318133,-0.016784761950677962,0.2561343435599204,,22.602977085113526,23.602690505981446,-25.726861137828855,0.5458073880241414,0.053274146341463414
2025-05-15,21.343104151053964,21.503507740771592,21.182700561336336,21.484636306762695,5394600,0.0,0.0,CAG,,-0.21,9017.265152,11234.499584,94.229,-0.061,28.52,15.96,Consumer Defensive,Packaged Foods,"Conagra Brands, Inc.",0.014253948487439327,0.01415331610885988,0.26191500146766244,,22.51930513381958,23.56010730743408,-24.668175642487043,0.5762479611996242,0.03198048780487805
2025-05-16,21.503504210171993,21.692213120240382,21.390277424387993,21.682777404785156,7923100,0.0,0.0,CAG,,-0.21,9017.265152,11234.499584,94.229,-0.061,28.52,15.96,Consumer Defensive,Packaged Foods,"Conagra Brands, Inc.",0.009222455302168253,0.009180188133903582,0.2586276049082451,,22.425544357299806,23.51051242828369,-23.97343125951909,0.5962240705550883,0.08131707317073171
2025-05-19,21.61672901177651,21.796004004538254,21.475196880513533,21.711084365844727,6219500,0.0,0.0,CAG,,-0.21,9017.265152,11234.499584,94.229,-0.061,28.52,15.96,Consumer Defensive,Packaged Foods,"Conagra Brands, Inc.",0.0013055043886269768,0.0013046529587223707,0.2591659466998404,,22.330408763885497,23.438232612609863,-23.874178240376132,0.5990779103454721,0.04807609756097561
2025-05-20,21.739394718532203,22.05076617310956,21.6922161346999,21.786571502685547,6110100,0.0,0.0,CAG,,-0.21,9017.265152,11234.499584,94.229,-0.061,28.52,15.96,Consumer Defensive,Packaged Foods,"Conagra Brands, Inc.",0.0034768939021569967,0.0034708634806016555,0.251812948336982,,22.234862422943117,23.360208206176758,-23.60949683490341,0.6066883420808012,0.04594146341463415
2025-05-21,21.75826320299491,21.75826320299491,21.135520326736902,21.21100425720215,7625300,0.0,0.0,CAG,,-0.21,9017.265152,11234.499584,94.229,-0.061,28.52,15.96,Consumer Defensive,Packaged Foods,"Conagra Brands, Inc.",-0.02641844061661791,-0.026773678137967896,0.2393050975865616,,22.12262830734253,23.28759922027588,-25.627614806444075,0.5486610355202196,0.07550634146341463
2025-05-22,21.126083980092783,21.14495541206571,20.739228623041814,21.050600051879883,9762300,0.0,0.0,CAG,,-0.21,9017.265152,11234.499584,94.229,-0.061,28.52,15.96,Consumer Defensive,Packaged Foods,"Conagra Brands, Inc.",-0.007562310741029643,-0.007591049994691441,0.22082985989060105,,22.016324520111084,23.226662864685057,-26.190041893829303,0.5324894690023502,0.11720390243902438
2025-05-23,21.088344152039546,21.192133434617233,20.76753698840907,21.135520935058594,6785000,0.0,0.0,CAG,,-0.21,9017.265152,11234.499584,94.229,-0.061,28.52,15.96,Consumer Defensive,Packaged Foods,"Conagra Brands, Inc.",0.004034131234711635,0.00402601594540876,0.22171451319836638,,21.936122703552247,23.169285049438475,-25.892282836400444,0.5410509883735017,0.059110243902439026
2025-05-27,21.305360259075265,21.635603139643106,21.21100489324461,21.607295989990234,6351200,0.0,0.0,CAG,,-0.21,9017.265152,11234.499584,94.229,-0.061,28.52,15.96,Consumer Defensive,Packaged Foods,"Conagra Brands, Inc.",0.022321430182923985,0.022075953275509718,0.22430493074524752,,21.880453300476074,23.12431884765625,-24.23809260171727,0.5886142157026761,0.050645853658536584
2025-05-28,21.597859771910443,21.78657049918966,21.371407978982706,21.428020477294922,5788400,0.0,0.0,CAG,,-0.21,9017.265152,11234.499584,94.229,-0.061,28.52,15.96,Consumer Defensive,Packaged Foods,"Conagra Brands, Inc.",-0.008296989719507875,-0.00833160131973062,0.22188811970540756,,21.80355386734009,23.067954750061034,-24.86668836853113,0.5705400893245509,0.03966439024390244
2025-05-29,21.34310298712696,21.626167283107765,21.173263689666918,21.39027976989746,6821600,0.0,0.0,CAG,,-0.21,9017.265152,11234.499584,94.229,-0.061,28.52,15.96,Consumer Defensive,Packaged Foods,"Conagra Brands, Inc.",-0.0017612782962127538,-0.0017628311704614551,0.21346135044514153,0.26527452331201334,21.707311820983886,23.012137908935546,-24.99901903963022,0.5667351618983447,0.05982439024390244
2025-05-30,21.390279970615197,21.68277998583058,21.26761925445356,21.59786033630371,8306600,0.0,0.0,CAG,,-0.21,9017.265152,11234.499584,94.229,-0.061,28.52,15.96,Consumer Defensive,Packaged Foods,"Conagra Brands, Inc.",0.009704434380441329,0.00965764879866811,0.20612229863690143,0.2662523775063057,21.64645290374756,22.962332763671874,-24.271176941431587,0.5876629357725481,0.0888
2025-06-02,21.399714815852597,21.512939810825586,21.21100409132582,21.47519874572754,5715400,0.0,0.0,CAG,,-0.21,9017.265152,11234.499584,94.229,-0.061,28.52,15.96,Consumer Defensive,Packaged Foods,"Conagra Brands, Inc.",-0.005679339928409077,-0.005695528702886632,0.1978108037940484,0.26139866436166104,21.594557666778563,22.91007438659668,-24.70126666995954,0.5752964889751906,0.03824
2025-06-03,21.352536841273043,21.494070788526976,21.041165396736403,21.399715423583984,4836600,0.0,0.0,CAG,,-0.21,9017.265152,11234.499584,94.229,-0.061,28.52,15.96,Consumer Defensive,Packaged Foods,"Conagra Brands, Inc.",-0.003514906801902029,-0.0035210986001353605,0.19715566901352202,0.23978674546030015,21.555400371551514,22.860398559570314,-24.965934699915902,0.5676864418284727,0.021092682926829268
2025-06-04,21.428020205998713,21.522375568443707,21.211004132150425,21.229875564575195,3970700,0.0,0.0,CAG,,-0.21,9017.265152,11234.499584,94.229,-0.061,28.52,15.96,Consumer Defensive,Packaged Foods,"Conagra Brands, Inc.",-0.0079365475496751,-0.00796820957925017,0.19654898917741986,0.23736837453869264,21.51529951095581,22.806395874023437,-25.56144612701544,0.5505635953804754,0.004197073170731707
2025-06-05,21.13552011788505,21.173262982584145,20.87132726370675,21.0034236907959,4414100,0.0,0.0,CAG,,-0.21,9017.265152,11234.499584,94.229,-0.061,28.52,15.96,Consumer Defensive,Packaged Foods,"Conagra Brands, Inc.",-0.010666660437575137,-0.01072395706672415,0.19668888595718878,0.22965321617036255,21.480388164520264,22.754932441711425,-26.35545690464271,0.5277332616460162,0.012848780487804879
2025-06-06,21.078908498212666,21.201569214234468,20.90906919935254,21.12608528137207,4738200,0.0,0.0,CAG,,-0.21,9017.265152,11234.499584,94.229,-0.061,28.52,15.96,Consumer Defensive,Packaged Foods,"Conagra Brands, Inc.",0.005840075998177596,0.005823088859711007,0.1969055049442503,0.22312754699926451,21.441230869293214,22.695319747924806,-25.92536717611476,0.5400997084433737,0.01917268292682927
2025-06-09,20.87132807066567,21.239312017315193,20.82414948796771,21.135520935058594,8563700,0.0,0.0,CAG,,-0.21,9017.265152,11234.499584,94.229,-0.061,28.52,15.96,Consumer Defensive,Packaged Foods,"Conagra Brands, Inc.",0.0004466352171190735,0.0004465355052992567,0.1912695781541762,0.22315648382835548,21.408678340911866,22.62585136413574,-25.892282836400444,0.5410509883735017,0.09381658536585366
2025-06-10,21.20156889940845,21.30535998043263,20.861892106411037,21.173263549804688,8689700,0.0,0.0,CAG,,-0.21,9017.265152,11234.499584,94.229,-0.061,28.52,15.96,Consumer Defensive,Packaged Foods,"Conagra Brands, Inc.",0.0017857432926333683,0.0017841507487143236,0.1916019497843603,0.2231180349853193,21.36763401031494,22.55546371459961,-25.759945477543173,0.5448561080940134,0.09627512195121951
2025-06-11,21.22987659872601,21.277053382407157,20.946812297281234,21.107215881347656,5945300,0.0,0.0,CAG,,-0.21,9017.265152,11234.499584,94.229,-0.061,28.52,15.96,Consumer Defensive,Packaged Foods,"Conagra Brands, Inc.",-0.0031193900884325387,-0.0031242655272648245,0.18755199743537215,0.21985562066774247,21.345932483673096,22.481523056030273,-25.991529167785217,0.5381973408774235,0.04272585365853659
2025-06-12,20.776971778119783,21.05060034684615,20.578825338985187,21.022294998168945,8867200,0.0,0.0,CAG,,-0.21,9017.265152,11234.499584,94.229,-0.061,28.52,15.96,Consumer Defensive,Packaged Foods,"Conagra Brands, Inc.",-0.004023310495144705,-0.00403142578301038,0.17968120639825447,0.21988498528912695,21.33791227340698,22.407186012268067,-26.289288225214076,0.5296358215062721,0.09973853658536586
2025-06-13,21.078909027355643,21.220441180065652,20.29576252936937,20.352375030517578,10715400,0.0,0.0,CAG,,-0.21,9017.265152,11234.499584,94.229,-0.061,28.52,15.96,Consumer Defensive,Packaged Foods,"Conagra Brands, Inc.",-0.03186711858575464,-0.03238592693852923,0.19096650433120457,0.2281065734637434,21.281299209594728,22.32354274749756,-28.638236218381564,0.4620961002330222,0.1358009756097561
2025-06-16,20.399551515896135,20.465599727054038,19.98438901760234,20.380680084228516,9917900,0.0,0.0,CAG,,-0.21,9017.265152,11234.499584,94.229,-0.061,28.52,15.96,Consumer Defensive,Packaged Foods,"Conagra Brands, Inc.",0.001390749417131687,0.0013897832208818964,0.18933875265280858,0.22819474663848727,21.216194343566894,22.233025207519532,-28.53898988699679,0.4649497477291004,0.12024
2025-06-17,20.371244679707928,20.654308960332937,20.25801788765064,20.3335018157959,6165700,0.0,0.0,CAG,,-0.21,9017.265152,11234.499584,94.229,-0.061,28.52,15.96,Consumer Defensive,Packaged Foods,"Conagra Brands, Inc.",-0.0023148525092214767,-0.00231753592222792,0.1862199187413109,0.2278733920808299,21.147315216064452,22.143424186706543,-28.70441158556838,0.4601933480784607,0.04702634146341463
2025-06-18,20.333502235897846,20.50334152765335,20.239148673525982,20.286325454711914,5856300,0.0,0.0,CAG,,-0.21,9017.265152,11234.499584,94.229,-0.061,28.52,15.96,Consumer Defensive,Packaged Foods,"Conagra Brands, Inc.",-0.002320129681122385,-0.0023228253523360142,0.18584129113437123,0.2276792977101727,21.072302913665773,22.065714263916014,-28.869826596381788,0.45543714072212665,0.04098926829268293
2025-06-20,20.276891708374023,20.427859582449663,20.125923834298383,20.276891708374023,14392800,0.0,0.0,CAG,,-0.21,9017.265152,11234.499584,94.229,-0.061,28.52,15.96,Consumer Defensive,Packaged Foods,"Conagra Brands, Inc.",-0.0004650298231165806,-0.0004651379830177941,0.1822145186125646,0.22630982559538493,21.025597286224365,22.006416511535644,-28.902904248337926,0.45448605308630435,0.2075551219512195
2025-06-23,20.28632466373824,20.550519307243377,20.069308599258367,20.39011573791504,7884700,0.0,0.0,CAG,,-0.21,9017.265152,11234.499584,94.229,-0.061,28.52,15.96,Consumer Defensive,Packaged Foods,"Conagra Brands, Inc.",0.005583894768953046,0.00556836262164987,0.18033699550004137,0.22095627686205038,20.992573070526124,21.93636260986328,-28.505905547282474,0.46590102765922836,0.08056780487804878
2025-06-24,20.314632853991817,20.4184221338178,20.0976149786927,20.24858283996582,9400000,0.0,0.0,CAG,,-0.21,9017.265152,11234.499584,94.229,-0.061,28.52,15.96,Consumer Defensive,Packaged Foods,"Conagra Brands, Inc.",-0.0069412503473945675,-0.006965452887873168,0.1805903049047263,0.2155928731550613,20.948226165771484,21.867384300231933,-29.00216395523906,0.45163202100161487,0.11013463414634146
2025-06-25,19.984390079110273,19.993825795445282,19.29559898376465,19.29559898376465,11487300,0.0,0.0,CAG,,-0.21,9017.265152,11234.499584,94.229,-0.061,28.52,15.96,Consumer Defensive,Packaged Foods,"Conagra Brands, Inc.",-0.0470642248760349,-0.048207769913731026,0.2186527988313361,0.2331325240068452,20.832641315460204,21.770045852661134,-32.34362207656154,0.35555447870744383,0.15086243902439025
2025-06-26,19.484307487436148,19.682453926801738,19.24841998323068,19.342775344848633,7918000,0.0,0.0,CAG,,-0.21,9017.265152,11234.499584,94.229,-0.061,28.52,15.96,Consumer Defensive,Packaged Foods,"Conagra Brands, Inc.",0.0024449285623979744,0.002441944587307977,0.21384211276483692,0.23284747016503968,20.72837905883789,21.669744720458983,-32.17820706574813,0.36031068606377786,0.08121756097560975
2025-06-27,19.361645594947444,19.50317772889346,19.116322389590948,19.2484188079834,11428100,0.0,0.0,CAG,,-0.21,9017.265152,11234.499584,94.229,-0.061,28.52,15.96,Consumer Defensive,Packaged Foods,"Conagra Brands, Inc.",-0.004878128147746019,-0.00489006505050837,0.21024263721304556,0.2328351918046182,20.62128601074219,21.579461059570313,-32.50905046289131,0.35079788676249846,0.14970731707317073
2025-06-30,19.220116718965812,19.361648876902667,19.116325629961906,19.314470291137695,9555200,0.0,0.0,CAG,,-0.21,9017.265152,11234.499584,94.229,-0.061,28.52,15.96,Consumer Defensive,Packaged Foods,"Conagra Brands, Inc.",0.003431527743302354,0.0034256534865898967,0.2047477880741361,0.23316770959412247,20.507116508483886,21.502588958740233,-32.2774533971329,0.3574570385676997,0.11316292682926829
2025-07-01,19.229550036129933,20.1636662086457,19.229550036129933,19.86172866821289,11289400,0.0,0.0,CAG,,-0.21,9017.265152,11234.499584,94.229,-0.061,28.52,15.96,Consumer Defensive,Packaged Foods,"Conagra Brands, Inc.",0.028334112653677135,0.027940126536938528,0.22181683176448105,0.23924353884574626,20.426443004608153,21.42866367340088,-30.35859513249337,0.412630313043592,0.14700097560975608
2025-07-02,19.852295976341637,20.097617431086444,19.786245954255946,19.9466495513916,7516000,0.0,0.0,CAG,,-0.21,9017.265152,11234.499584,94.229,-0.061,28.52,15.96,Consumer Defensive,Packaged Foods,"Conagra Brands, Inc.",0.004275603830729002,0.00426648940721085,0.22246344021473757,0.23979438781776008,20.353789710998534,21.355320739746094,-30.06083607506451,0.42119183241474345,0.07337365853658537
2025-07-03,20.0315684645727,20.069311332933932,19.748504150579556,19.805116653442383,6100800,0.0,0.0,CAG,,-0.21,9017.265152,11234.499584,94.229,-0.061,28.52,15.96,Consumer Defensive,Packaged Foods,"Conagra Brands, Inc.",-0.007095572496251368,-0.007120865788718977,0.22201193716389467,0.23536926872447833,20.282551765441895,21.277473106384278,-30.557094483021096,0.40692282575712996,0.04576
2025-07-07,19.805115325818065,19.805115325818065,19.182372437035138,19.257856369018555,9271500,0.0,0.0,CAG,,-0.21,9017.265152,11234.499584,94.229,-0.061,28.52,15.96,Consumer Defensive,Packaged Foods,"Conagra Brands, Inc.",-0.0276322676609283,-0.028021220617007025,0.2231458263189789,0.2294022558600831,20.195273399353027,21.193516502380373,-32.47595943541881,0.35174935898693205,0.10762731707317073
2025-07-08,19.16350108066715,19.6447118238632,19.088017148382214,19.48430824279785,9907500,0.0,0.0,CAG,,-0.21,9017.265152,11234.499584,94.229,-0.061,28.52,15.96,Consumer Defensive,Packaged Foods,"Conagra Brands, Inc.",0.011758934610375693,0.011690335582758912,0.22679854730337634,0.22231918372815035,20.113184547424318,21.11966915130615,-31.68194865779154,0.3745796927213913,0.1200370731707317
2025-07-09,19.550356571949884,19.625840504672514,19.078581542513728,19.229549407958984,12752800,0.0,0.0,CAG,,-0.21,9017.265152,11234.499584,94.229,-0.061,28.52,15.96,Consumer Defensive,Packaged Foods,"Conagra Brands, Inc.",-0.013075077219281583,-0.013161308520125795,0.2279501157487423,0.22300423767364483,20.017885971069337,21.049468994140625,-32.575212454561765,0.34889551919654826,0.1755551219512195
2025-07-10,18.2388236145234,19.012534419328958,17.757612840873332,18.38979148864746,29498900,0.0,0.0,CAG,,-0.21,9017.265152,11234.499584,94.229,-0.061,28.52,15.96,Consumer Defensive,Packaged Foods,"Conagra Brands, Inc.",-0.043670181838163735,-0.04465242735165372,0.24382472088736773,0.2326370806604181,19.878712368011474,20.962851142883302,-35.519665187070615,0.2642331437696068,0.5023082926829269
2025-07-11,18.427533119758138,18.427533119758138,17.776483081511493,18.30487060546875,20159800,0.0,0.0,CAG,,-0.21,9017.265152,11234.499584,94.229,-0.061,28.52,15.96,Consumer Defensive,Packaged Foods,"Conagra Brands, Inc.",-0.004617827408817332,-0.004628522511934648,0.2436575439416976,0.23116998804232677,19.73859510421753,20.869628372192384,-35.81742424449948,0.25567162439845537,0.3200819512195122
2025-07-14,18.380352746465093,18.484143817722792,18.144465257009397,18.28599739074707,12651300,0.0,0.0,CAG,,-0.21,9017.265152,11234.499584,94.229,-0.061,28.52,15.96,Consumer Defensive,Packaged Foods,"Conagra Brands, Inc.",-0.0010310487917921662,-0.0010315806882365823,0.24375422600966914,0.2275592006198666,19.601780223846436,20.769045906066893,-35.88359961168629,0.2537688722438938,0.17357463414634147
2025-07-15,18.21995017908136,18.446401965394266,17.88970731582882,17.92745018005371,14794600,0.0,0.0,CAG,,-0.21,9017.265152,11234.499584,94.229,-0.061,28.52,15.96,Consumer Defensive,Packaged Foods,"Conagra Brands, Inc.",-0.019607747011644472,-0.01980252924806188,0.24309072863868555,0.22554495451045997,19.48053398132324,20.671294136047365,-37.140777769797644,0.2176210040762547,0.21539512195121951
2025-07-16,17.927451834440543,18.08785542284112,17.738741095259048,17.965194702148438,9607900,0.0,0.0,CAG,,-0.21,9017.265152,11234.499584,94.229,-0.061,28.52,15.96,Consumer Defensive,Packaged Foods,"Conagra Brands, Inc.",0.002105403820155116,0.0021031905635203727,0.24424494665604055,0.22149675718989936,19.359759712219237,20.580335960388183,-37.00843372318219,0.22142631609107213,0.11419121951219512
2025-07-17,17.97462714855418,18.135030723829125,17.77648250833864,17.89914321899414,10255200,0.0,0.0,CAG,,-0.21,9017.265152,11234.499584,94.229,-0.061,28.52,15.96,Consumer Defensive,Packaged Foods,"Conagra Brands, Inc.",-0.0036766360871334225,-0.0036834115259053836,0.24423216271083678,0.22105255639645155,19.23804178237915,20.494661598205568,-37.2400307889406,0.21476716428587087,0.12682146341463416
2025-07-18,17.984064039088352,18.144467624837826,17.86140332042297,17.993499755859375,9688300,0.0,0.0,CAG,,-0.21,9017.265152,11234.499584,94.229,-0.061,28.52,15.96,Consumer Defensive,Packaged Foods,"Conagra Brands, Inc.",0.005271567231503349,0.005257721159980049,0.24622948146041831,0.22134948659863005,19.123400497436524,20.413893737792968,-36.909187391797424,0.22427996358715027,0.11576
2025-07-21,18.059546579864495,18.1633376566569,17.616078723924,17.69156265258789,14163400,0.0,0.0,CAG,,-0.21,9017.265152,11234.499584,94.229,-0.061,28.52,15.96,Consumer Defensive,Packaged Foods,"Conagra Brands, Inc.",-0.016780343311098345,-0.01692272836618417,0.24800131263377584,0.22248297359447528,18.994134044647218,20.33369197845459,-37.96787288713923,0.1938393904116675,0.2030790243902439
2025-07-22,17.710434865976698,18.436968836217236,17.663256283681203,18.30487060546875,11940000,0.0,0.0,CAG,,-0.21,9017.265152,11234.499584,94.229,-0.061,28.52,15.96,Consumer Defensive,Packaged Foods,"Conagra Brands, Inc.",0.03466669196636207,0.03407933810488753,0.272411435342067,0.23600713535065565,18.8898717880249,20.261604766845704,-35.81742424449948,0.25567162439845537,0.15969560975609756
2025-07-23,18.44640099341931,18.75777240815267,18.38978849974381,18.52188491821289,12714300,0.0,0.0,CAG,,-0.21,9017.265152,11234.499584,94.229,-0.061,28.52,15.96,Consumer Defensive,Packaged Foods,"Conagra Brands, Inc.",0.01185555022056839,0.01178582374119061,0.27623636141217905,0.2360390289011355,18.803536891937256,20.19631103515625,-35.0565044943447,0.27755048590848097,0.17480390243902438
2025-07-24,18.352049928875303,18.465274931599062,18.21051597595215,18.21051597595215,9928100,0.0,0.0,CAG,,-0.21,9017.265152,11234.499584,94.229,-0.061,28.52,15.96,Consumer Defensive,Packaged Foods,"Conagra Brands, Inc.",-0.016810866908829936,-0.01695377338377429,0.27796262683659184,0.2375907114507169,18.74928274154663,20.12063835144043,-36.14826095388447,0.2461590173914816,0.1204390243902439
2025-07-25,18.201080822366723,18.229386171285356,17.984062949143727,18.125595092773438,8409600,0.0,0.0,CAG,,-0.21,9017.265152,11234.499584,94.229,-0.061,28.52,15.96,Consumer Defensive,Packaged Foods,"Conagra Brands, Inc.",-0.004663288140262067,-0.004674195190088979,0.2779145121486953,0.23570266688490568,18.688423728942873,20.052325325012205,-36.44602001131333,0.23759749802033012,0.09080975609756098
2025-07-28,17.993498834373025,18.333177422018334,17.880273838277162,18.116161346435547,10824500,0.0,0.0,CAG,,-0.21,9017.265152,11234.499584,94.229,-0.061,28.52,15.96,Consumer Defensive,Packaged Foods,"Conagra Brands, Inc.",-0.0005204654682842147,-0.0005206009574497138,0.2781973359057995,0.23246130485592412,18.631810855865478,19.990994567871095,-36.47909766326947,0.23664641038450784,0.13792975609756097
2025-07-29,18.08785276345007,18.32374025290577,17.899142052014025,18.28599739074707,12525100,0.0,0.0,CAG,,-0.21,9017.265152,11234.499584,94.229,-0.061,28.52,15.96,Consumer Defensive,Packaged Foods,"Conagra Brands, Inc.",0.009374836151199384,0.009331165101886004,0.2688469677130071,0.23120969200013877,18.58038721084595,19.927021789550782,-35.88359961168629,0.2537688722438938,0.17111219512195122
2025-07-30,18.285999604531106,18.353262575928223,17.67101993866065,17.8055477142334,14814000,0.35,0.0,CAG,,-0.21,9017.265152,11234.499584,94.229,-0.061,28.52,15.96,Consumer Defensive,Packaged Foods,"Conagra Brands, Inc.",-0.02627418489935829,-0.026625518972739317,0.27639371182976985,0.2350488163440143,18.477578163146973,19.849477195739745,-37.56820577057013,0.20533109041255204,0.21577365853658537
2025-07-31,17.64219518221639,17.85359336833438,17.469232196856836,17.546104431152344,20194800,0.0,0.0,CAG,,-0.21,9017.265152,11234.499584,94.229,-0.061,28.52,15.96,Consumer Defensive,Packaged Foods,"Conagra Brands, Inc.",-0.014570924031371502,-0.01467812254015742,0.27789014384319194,0.23502954167698467,18.35755090713501,19.7661775970459,-38.47789470142937,0.17917464207299416,0.3207648780487805
2025-08-01,17.709458939072423,17.863203414443205,17.546105204893628,17.786331176757812,11514700,0.0,0.0,CAG,,-0.21,9017.265152,11234.499584,94.229,-0.061,28.52,15.96,Consumer Defensive,Packaged Foods,"Conagra Brands, Inc.",0.013691172678703456,0.013598295346898544,0.28293705073908254,0.23764614525279065,18.256611633300782,19.686172790527344,-37.635584934229264,0.20339372528297067,0.1513970731707317
2025-08-04,17.747893346726723,18.026556341343674,17.719067404372304,17.959293365478516,10954600,0.0,0.0,CAG,,-0.21,9017.265152,11234.499584,94.229,-0.061,28.52,15.96,Consumer Defensive,Packaged Foods,"Conagra Brands, Inc.",0.009724444406315813,0.009677466308544626,0.28564024155863693,0.23791775033644538,18.19168348312378,19.62113857269287,-37.029125646989776,0.22083135750934263,0.14046829268292682
2025-08-05,17.959292823904587,18.1706910035029,17.90163727537712,18.064990997314453,9405700,0.0,0.0,CAG,,-0.21,9017.265152,11234.499584,94.229,-0.061,28.52,15.96,Consumer Defensive,Packaged Foods,"Conagra Brands, Inc.",0.0058854003709918334,0.005868149056397196,0.28572836772276766,0.23720359817337838,18.12071762084961,19.56142639160156,-36.65851683971089,0.23148753875210995,0.11024585365853659
2025-08-06,18.132255267280694,18.372481214032923,18.007336748613564,18.189908981323242,12164600,0.0,0.0,CAG,,-0.21,9017.265152,11234.499584,94.229,-0.061,28.52,15.96,Consumer Defensive,Packaged Foods,"Conagra Brands, Inc.",0.006914920911245348,0.006891122492111139,0.2872521088373661,0.23802539956202062,18.068735599517822,19.502514152526857,-36.220515493256514,0.24408146971307,0.16407804878048782
2025-08-07,18.29560945572803,18.622315065571645,18.103427960263723,18.497398376464844,13497700,0.0,0.0,CAG,,-0.21,9017.265152,11234.499584,94.229,-0.061,28.52,15.96,Consumer Defensive,Packaged Foods,"Conagra Brands, Inc.",0.01690439437917579,0.016763105154005743,0.26144263567062265,0.2401399289931058,18.07411594390869,19.440316200256348,-35.142361933853984,0.27508181161234546,0.19008975609756099
2025-08-08,18.48778911841377,18.593489124197,18.34365391320482,18.497398376464844,9649000,0.0,0.0,CAG,,-0.21,9017.265152,11234.499584,94.229,-0.061,28.52,15.96,Consumer Defensive,Packaged Foods,"Conagra Brands, Inc.",0.0,0.0,0.26123625083854185,0.23730320654084713,18.083742332458495,19.381703758239745,-35.142361933853984,0.27508181161234546,0.11499317073170731
2025-08-11,18.574270536594994,18.78566871456912,18.305216810536372,18.516616821289062,9734800,0.0,0.0,CAG,,-0.21,9017.265152,11234.499584,94.229,-0.061,28.52,15.96,Consumer Defensive,Packaged Foods,"Conagra Brands, Inc.",0.0010389809654891557,0.0010384415983283118,0.2611060797404797,0.2355380212102664,18.095273303985596,19.32423049926758,-35.07497608243666,0.2770193690362325,0.11666731707317073
2025-08-12,18.583880652306387,18.910588108749394,18.516617675882,18.737625122070312,12511600,0.0,0.0,CAG,,-0.21,9017.265152,11234.499584,94.229,-0.061,28.52,15.96,Consumer Defensive,Packaged Foods,"Conagra Brands, Inc.",0.011935673936242619,0.011865005540933294,0.2635573038279661,0.23489629062897704,18.135782051086426,19.26702579498291,-34.300052166653884,0.299300894822322,0.17084878048780489
2025-08-13,18.67997133230802,18.92019729448819,18.54544354719765,18.75684356689453,8181100,0.0,0.0,CAG,,-0.21,9017.265152,11234.499584,94.229,-0.061,28.52,15.96,Consumer Defensive,Packaged Foods,"Conagra Brands, Inc.",0.0010256606533121104,0.0010251350228058836,0.24872363659803337,0.23379656845522667,18.17536449432373,19.21265869140625,-34.232666315236564,0.301238452246209,0.08635121951219513
2025-08-14,18.641534624415495,18.708797601756885,18.36287345646135,18.6895809173584,6183100,0.0,0.0,CAG,,-0.21,9017.265152,11234.499584,94.229,-0.061,28.52,15.96,Consumer Defensive,Packaged Foods,"Conagra Brands, Inc.",-0.0035860324417723577,-0.0035924776692524227,0.24810146714514184,0.23368877684330167,18.214886379241943,19.15845600128174,-34.468510107438995,0.2944571935569101,0.047365853658536586
2025-08-15,18.72801543704071,18.756843211756824,18.24756352177714,18.4205265045166,8385300,0.0,0.0,CAG,,-0.21,9017.265152,11234.499584,94.229,-0.061,28.52,15.96,Consumer Defensive,Packaged Foods,"Conagra Brands, Inc.",-0.014395957514055646,-0.014500584663054051,0.2502845493709487,0.23464188014236553,18.236237716674804,19.102269020080566,-35.41189865176507,0.267331774211103,0.09033560975609756
2025-08-18,18.43974393156888,18.487788387145315,18.237953186035156,18.237953186035156,9453800,0.0,0.0,CAG,,-0.21,9017.265152,11234.499584,94.229,-0.061,28.52,15.96,Consumer Defensive,Packaged Foods,"Conagra Brands, Inc.",-0.009911406084765262,-0.009960851054118118,0.23974150130471075,0.22990124499107875,18.26355724334717,19.04695960998535,-36.0520575524714,0.24892517097848188,0.11118439024390243
2025-08-19,18.353263100606785,18.718405741249107,18.324435326564537,18.516616821289062,8492800,0.0,0.0,CAG,,-0.21,9017.265152,11234.499584,94.229,-0.061,28.52,15.96,Consumer Defensive,Packaged Foods,"Conagra Brands, Inc.",0.015279326161845797,0.015163772822685532,0.24166839349964747,0.23246615504801882,18.274144554138182,18.99477024078369,-35.07497608243666,0.2770193690362325,0.09243317073170731
2025-08-20,18.660752097775934,18.891368792665965,18.45896134426055,18.497398376464844,7634200,0.0,0.0,CAG,,-0.21,9017.265152,11234.499584,94.229,-0.061,28.52,15.96,Consumer Defensive,Packaged Foods,"Conagra Brands, Inc.",-0.0010379026044392559,-0.001038441598328456,0.239200326563428,0.2321332805507842,18.272920227050783,18.942007789611818,-35.142361933853984,0.27508181161234546,0.07568
2025-08-21,18.439746306090573,18.593490783067338,18.266783311297033,18.54544448852539,7468100,0.0,0.0,CAG,,-0.21,9017.265152,11234.499584,94.229,-0.061,28.52,15.96,Consumer Defensive,Packaged Foods,"Conagra Brands, Inc.",0.0025974524137231114,0.002594084864308092,0.20256962733541398,0.22672177616733147,18.289666652679443,18.88945140838623,-34.97389730531069,0.279925705172063,0.0724390243902439
2025-08-22,18.660752170181947,19.006678130248513,18.65114291209359,18.891368865966797,12182000,0.0,0.0,CAG,,-0.21,9017.265152,11234.499584,94.229,-0.061,28.52,15.96,Consumer Defensive,Packaged Foods,"Conagra Brands, Inc.",0.018652795173253356,0.018480965239704612,0.20873486855228648,0.23044598174318398,18.327955341339113,18.845134468078612,-33.76097873083171,0.3148009696248069,0.16441756097560975
2025-08-25,18.891369198303,18.891369198303,18.353263565338683,18.410917282104492,8461300,0.0,0.0,CAG,,-0.21,9017.265152,11234.499584,94.229,-0.061,28.52,15.96,Consumer Defensive,Packaged Foods,"Conagra Brands, Inc.",-0.025432333001969454,-0.025761324786886506,0.22246454524964682,0.23539711885220946,18.34269313812256,18.792906913757324,-35.44559157747373,0.2663629954991595,0.09181853658536586
2025-08-26,18.29560963757984,18.31482632109442,17.9689021917103,18.055383682250977,55005600,0.0,0.0,CAG,,-0.21,9017.265152,11234.499584,94.229,-0.061,28.52,15.96,Consumer Defensive,Packaged Foods,"Conagra Brands, Inc.",-0.019311020434549242,-0.019499913961724926,0.22223509705603653,0.2365388148677558,18.331162452697754,18.746967086791994,-36.692203077661375,0.2305189523344721,1.0
2025-08-27,18.016946857444005,18.4589617406129,17.940074624163387,18.410917282104492,11846000,0.0,0.0,CAG,,-0.21,9017.265152,11234.499584,94.229,-0.061,28.52,15.96,Consumer Defensive,Packaged Foods,"Conagra Brands, Inc.",0.01969127912817581,0.019499913961724877,0.22919058874130704,0.24092620350600605,18.36143093109131,18.70757183074951,-35.44559157747373,0.2663629954991595,0.15786146341463414
2025-08-28,18.391698553488514,18.439744844221437,17.80554846877553,18.055383682250977,10725400,0.0,0.0,CAG,,-0.21,9017.265152,11234.499584,94.229,-0.061,28.52,15.96,Consumer Defensive,Packaged Foods,"Conagra Brands, Inc.",-0.019311020434549242,-0.019499913961724926,0.2362837088289857,0.2433871736646074,18.38689489364624,18.66200946807861,-36.692203077661375,0.2305189523344721,0.1359960975609756
2025-08-29,18.08420806182023,18.42052473678573,18.07459880450368,18.38208770751953,8268500,0.0,0.0,CAG,,-0.21,9017.265152,11234.499584,94.229,-0.061,28.52,15.96,Consumer Defensive,Packaged Foods,"Conagra Brands, Inc.",0.01809454902859331,0.017932791053811185,0.24144886564819348,0.24682275562970485,18.416682720184326,18.623924713134766,-35.546677042357885,0.26345646706902326,0.08805658536585366
2025-09-02,18.32443371401862,18.47817816315734,17.997726301404242,18.036163330078125,10793000,0.0,0.0,CAG,,-0.21,9017.265152,11234.499584,94.229,-0.061,28.52,15.96,Consumer Defensive,Packaged Foods,"Conagra Brands, Inc.",-0.01881855766034124,-0.018997880005707516,0.2428086780426963,0.24856537603272413,18.420526218414306,18.579110145568848,-36.75959561683687,0.2285812026162794,0.1373151219512195
2025-09-03,17.92085596837469,18.478180113522505,17.88242076842239,18.44935417175293,9418000,0.0,0.0,CAG,,-0.21,9017.265152,11234.499584,94.229,-0.061,28.52,15.96,Consumer Defensive,Packaged Foods,"Conagra Brands, Inc.",0.02290902084401414,0.02265054933333951,0.23062532007493683,0.2534006475366087,18.43974437713623,18.540294914245607,-35.310819874639094,0.2702381103469335,0.11048585365853658
2025-09-04,18.46857202614223,18.54544426369869,18.13225713231942,18.199520111083984,9507700,0.0,0.0,CAG,,-0.21,9017.265152,11234.499584,94.229,-0.061,28.52,15.96,Consumer Defensive,Packaged Foods,"Conagra Brands, Inc.",-0.0135416155136453,-0.01363413942057745,0.23137446179909715,0.2544128759578797,18.44022493362427,18.49931365966797,-36.18681587978968,0.24505044071931917,0.1122360975609756
2025-09-05,18.237953802168356,18.622314958100215,18.161081570981985,18.526226043701172,8234400,0.0,0.0,CAG,,-0.21,9017.265152,11234.499584,94.229,-0.061,28.52,15.96,Consumer Defensive,Packaged Foods,"Conagra Brands, Inc.",0.017951348751125362,0.01779212597562191,0.23199124417017547,0.2576748054133793,18.441666316986083,18.483926200866698,-35.04128315672801,0.277988147748176,0.08739121951219513
2025-09-08,18.641532612542665,18.74723261283079,18.391697414538857,18.699186325073242,9343100,0.0,0.0,CAG,,-0.21,9017.265152,11234.499584,94.229,-0.061,28.52,15.96,Consumer Defensive,Packaged Foods,"Conagra Brands, Inc.",0.009335969504208563,0.009292658697811939,0.2327380360417409,0.25872507085345536,18.451755714416503,18.47105442047119,-34.43483055724669,0.29542558768024224,0.10902439024390244
2025-09-09,18.66075325012207,18.785669946942775,18.555053237811613,18.66075325012207,7833800,0.0,0.0,CAG,,-0.21,9017.265152,11234.499584,94.229,-0.061,28.52,15.96,Consumer Defensive,Packaged Foods,"Conagra Brands, Inc.",-0.0020553340815497867,-0.002057449179295099,0.2328758475151322,0.2586870439334247,18.458962535858156,18.459301109313966,-34.56958888456497,0.29155085742107956,0.07957463414634146
2025-09-10,18.526225685947498,18.67036088754128,18.285999739031688,18.603097915649414,8978000,0.0,0.0,CAG,,-0.21,9017.265152,11234.499584,94.229,-0.061,28.52,15.96,Consumer Defensive,Packaged Foods,"Conagra Brands, Inc.",-0.003089657405564772,-0.0030944402511167914,0.23182311739468994,0.25103538654003826,18.45223617553711,18.445073661804198,-34.77174643881692,0.28573818514941846,0.10190048780487805
2025-09-11,18.64153275709357,18.824104986431,18.51661607351227,18.679969787597656,8060800,0.0,0.0,CAG,,-0.21,9017.265152,11234.499584,94.229,-0.061,28.52,15.96,Consumer Defensive,Packaged Foods,"Conagra Brands, Inc.",0.004132208103015733,0.004123693977811615,0.217408058957268,0.25122709201875654,18.448392486572267,18.421438484191896,-34.50220972090584,0.29348822255066087,0.08400390243902439
2025-09-12,18.612708003733474,18.660752462148388,18.4205265045166,18.4205265045166,5349600,0.0,0.0,CAG,,-0.21,9017.265152,11234.499584,94.229,-0.061,28.52,15.96,Consumer Defensive,Packaged Foods,"Conagra Brands, Inc.",-0.013888849180757723,-0.01398620170734008,0.2169733025951333,0.2525377583873544,18.434939765930174,18.390916023254395,-35.41189865176507,0.267331774211103,0.031102439024390242
2025-09-15,18.458960083163767,18.583878596514836,17.940073013305664,17.940073013305664,9688600,0.0,0.0,CAG,,-0.21,9017.265152,11234.499584,94.229,-0.061,28.52,15.96,Consumer Defensive,Packaged Foods,"Conagra Brands, Inc.",-0.026082505898684993,-0.026428687242425534,0.22822326284159977,0.25750581183933485,18.41091709136963,18.35361515045166,-37.09651818616527,0.2188936077911499,0.11576585365853659
2025-09-16,18.007338600803482,18.314827551029314,17.920857104455127,18.199520111083984,9307300,0.0,0.0,CAG,,-0.21,9017.265152,11234.499584,94.229,-0.061,28.52,15.96,Consumer Defensive,Packaged Foods,"Conagra Brands, Inc.",0.01446187524353415,0.014358299728931902,0.23031100724747297,0.2596730462721877,18.40899543762207,18.33244842529297,-36.18681587978968,0.24505044071931917,0.10832585365853659
2025-09-17,18.18029986531017,18.487788786306606,18.103427635061063,18.151472091674805,8077800,0.0,0.0,CAG,,-0.21,9017.265152,11234.499584,94.229,-0.061,28.52,15.96,Consumer Defensive,Packaged Foods,"Conagra Brands, Inc.",-0.002640070678562423,-0.0026435618110677793,0.22991830310132225,0.259238759390676,18.390738201141357,18.305791702270508,-36.35528719609115,0.24020635486529593,0.08433560975609757
2025-09-18,18.11303754205214,18.151472742164817,17.940074559598578,18.01694679260254,11558200,0.0,0.0,CAG,,-0.21,9017.265152,11234.499584,94.229,-0.061,28.52,15.96,Consumer Defensive,Packaged Foods,"Conagra Brands, Inc.",-0.0074112611028372966,-0.007438860949405833,0.23006454239132457,0.25928032417658226,18.36671562194824,18.281539649963378,-36.82697478049601,0.22664383748669803,0.15224585365853657
2025-09-19,18.074601499105533,18.1610829950689,17.728677348030775,17.81515884399414,20476700,0.0,0.0,CAG,,-0.21,9017.265152,11234.499584,94.229,-0.061,28.52,15.96,Consumer Defensive,Packaged Foods,"Conagra Brands, Inc.",-0.011199897015361615,-0.011263088127585098,0.22627836917027902,0.24241464003447533,18.33020133972168,18.270046997070313,-37.534506157103294,0.20630006141880122,0.32626536585365856
2025-09-22,17.776720840782612,17.90163753216012,17.584539341824872,17.603757858276367,9705800,0.0,0.0,CAG,,-0.21,9017.265152,11234.499584,94.229,-0.061,28.52,15.96,Consumer Defensive,Packaged Foods,"Conagra Brands, Inc.",-0.011866354241856336,-0.0119373213963182,0.22835675271281347,0.24326465655272514,18.26582078933716,18.256024742126463,-38.2757438349356,0.18498712205034956,0.11610146341463415
2025-09-23,17.680630676569,17.757502912141003,17.411578768456316,17.48845100402832,10960200,0.0,0.0,CAG,,-0.21,9017.265152,11234.499584,94.229,-0.061,28.52,15.96,Consumer Defensive,Packaged Foods,"Conagra Brands, Inc.",-0.0065501272612560335,-0.006571673483360203,0.228668421692345,0.24338930596876981,18.21969747543335,18.24007381439209,-38.68004556792314,0.17336216209563873,0.14057756097560975
2025-09-24,17.50766622264829,17.911245883809507,17.4692310244693,17.8055477142334,10592600,0.0,0.0,CAG,,-0.21,9017.265152,11234.499584,94.229,-0.061,28.52,15.96,Consumer Defensive,Packaged Foods,"Conagra Brands, Inc.",0.018131777944887073,0.017969357633669962,0.2325748806894382,0.24650120644395732,18.20720567703247,18.237635765075684,-37.56820577057013,0.20533109041255204,0.13340487804878048
2025-09-25,17.843984928179275,17.911247907174836,17.363532983606742,17.37314224243164,11014700,0.0,0.0,CAG,,-0.21,9017.265152,11234.499584,94.229,-0.061,28.52,15.96,Consumer Defensive,Packaged Foods,"Conagra Brands, Inc.",-0.024284873385619132,-0.024584613642727408,0.241493872052126,0.24310524919354087,18.15531692504883,18.22579471588135,-39.084353988668866,0.1617370098466222,0.1416409756097561
2025-09-26,17.459623300620517,17.64219554815126,17.411578840481273,17.4692325592041,11979200,0.0,0.0,CAG,,-0.21,9017.265152,11234.499584,94.229,-0.061,28.52,15.96,Consumer Defensive,Packaged Foods,"Conagra Brands, Inc.",0.005530969322162793,0.005515729678850364,0.2425608989561396,0.24325971768492707,18.126009368896483,18.217196502685546,-38.74743141934046,0.1714246046717517,0.16046048780487804
2025-09-29,17.488449813460694,17.498057238571814,17.190568317216833,17.334705352783203,12165400,0.0,0.0,CAG,,-0.21,9017.265152,11234.499584,94.229,-0.061,28.52,15.96,Consumer Defensive,Packaged Foods,"Conagra Brands, Inc.",-0.007700808032921835,-0.0077306123653281345,0.24038658480836614,0.24331604559661793,18.073640251159667,18.204020614624024,-39.21912569150349,0.15786189499884815,0.16409365853658536
2025-09-30,17.29626896137416,17.6614116108028,17.20017821169969,17.594148635864258,22230700,0.0,0.0,CAG,,-0.21,9017.265152,11234.499584,94.229,-0.061,28.52,15.96,Consumer Defensive,Packaged Foods,"Conagra Brands, Inc.",0.014966697027786413,0.014855801145401604,0.24397961646511834,0.23986241234315095,18.051539516448976,18.20207233428955,-38.30943676064425,0.18401834333840605,0.36048975609756095
2025-10-01,18.10342957541188,18.60310004197573,17.70945912406158,18.54544448852539,23515900,0.0,0.0,CAG,,-0.21,9017.265152,11234.499584,94.229,-0.061,28.52,15.96,Consumer Defensive,Packaged Foods,"Conagra Brands, Inc.",0.04891840122706375,0.05265779586591133,0.2884359490452757,0.26420761999331605,18.056344032287598,18.206883811950682,-34.97389730531069,0.279925705172063,0.38556682926829267
2025-10-02,18.343654235727094,18.487789443470255,18.103428278562284,18.43013572692871,11204100,0.0,0.0,CAG,,-0.21,9017.265152,11234.499584,94.229,-0.061,28.52,15.96,Consumer Defensive,Packaged Foods,"Conagra Brands, Inc.",-0.006217632673513163,-0.006237042649437516,0.28902077715943214,0.2632061657725192,18.067874813079833,18.205048828125,-35.37820572605641,0.2683005529230465,0.14533658536585367
2025-10-03,18.430136053345446,18.574271263641393,18.24756380948864,18.362873077392578,7714600,0.0,0.0,CAG,,-0.21,9017.265152,11234.499584,94.229,-0.061,28.52,15.96,Consumer Defensive,Packaged Foods,"Conagra Brands, Inc.",-0.003649601420886661,-0.0036562774643672706,0.289107047715073,0.24752901220805135,18.059707164764404,18.20809597015381,-35.61404951825884,0.2615192942337476,0.07724878048780488
2025-10-06,18.362870920094775,18.40130611636157,17.930463507228172,17.988117218017578,11397300,0.0,0.0,CAG,,-0.21,9017.265152,11234.499584,94.229,-0.061,28.52,15.96,Consumer Defensive,Packaged Foods,"Conagra Brands, Inc.",-0.020408345567468955,-0.020619473302877556,0.2891727299690107,0.2509052892084014,18.02415370941162,18.20534641265869,-36.92806024538016,0.22373730905656183,0.14910634146341464
2025-10-07,18.036164592282866,18.334044254238012,17.920855330970067,18.170690536499023,13204400,0.0,0.0,CAG,,-0.21,9017.265152,11234.499584,94.229,-0.061,28.52,15.96,Consumer Defensive,Packaged Foods,"Conagra Brands, Inc.",0.010149662483774247,0.010098500552500209,0.2818503226846783,0.2517859121163791,17.99965057373047,18.20643699645996,-36.28790134467383,0.24214391228918294,0.18436682926829268
2025-10-08,18.141863628486355,18.22834512040217,17.93046544423581,17.9785099029541,8467400,0.0,0.0,CAG,,-0.21,9017.265152,11234.499584,94.229,-0.061,28.52,15.96,Consumer Defensive,Packaged Foods,"Conagra Brands, Inc.",-0.010576407823296163,-0.01063273553982116,0.2778354906513074,0.24944868350255556,17.968421173095702,18.2002872467041,-36.961746483330636,0.22276872263892397,0.09193756097560976
2025-10-09,18.06499044978291,18.06499044978291,17.72867559079227,17.77672004699707,7238400,0.0,0.0,CAG,,-0.21,9017.265152,11234.499584,94.229,-0.061,28.52,15.96,Consumer Defensive,Packaged Foods,"Conagra Brands, Inc.",-0.011223947760201969,-0.011287411585145,0.27320941953114525,0.2505000466728575,17.923258686065672,18.199710693359375,-37.66928454769611,0.2024247542767215,0.06795707317073171
2025-10-10,17.930464147000187,17.968901177416868,17.594147461968184,17.853591918945312,14977200,0.0,0.0,CAG,,-0.21,9017.265152,11234.499584,94.229,-0.061,28.52,15.96,Consumer Defensive,Packaged Foods,"Conagra Brands, Inc.",0.004324300081511856,0.004314977162982964,0.2680019813308761,0.2505425031808665,17.89491195678711,18.205860443115235,-37.39974782978502,0.21017479167796396,0.2189580487804878
2025-10-13,17.795938041152127,17.815156556182334,17.229004677210284,17.478839874267578,12938700,0.0,0.0,CAG,,-0.21,9017.265152,11234.499584,94.229,-0.061,28.52,15.96,Consumer Defensive,Packaged Foods,"Conagra Brands, Inc.",-0.020990288474111884,-0.02121371665824564,0.26870840761745923,0.2539751743965589,17.871850299835206,18.19971061706543,-38.71374518138998,0.17239319108938955,0.17918243902439024
2025-10-14,17.440403355227907,17.7959385625904,17.363531125633116,17.77672004699707,16330600,0.0,0.0,CAG,,-0.21,9017.265152,11234.499584,94.229,-0.061,28.52,15.96,Consumer Defensive,Packaged Foods,"Conagra Brands, Inc.",0.017042330891081203,0.016898739495262688,0.2687725534320455,0.25409321559968046,17.850710296630858,18.196059150695802,-37.66928454769611,0.2024247542767215,0.24536585365853658
2025-10-15,17.776718844541936,17.949681807625264,17.555711428503635,17.622974395751953,13431800,0.0,0.0,CAG,,-0.21,9017.265152,11234.499584,94.229,-0.061,28.52,15.96,Consumer Defensive,Packaged Foods,"Conagra Brands, Inc.",-0.008648707457768023,-0.008686324578138137,0.2604804164234942,0.24431990772065132,17.824285411834715,18.18721881866455,-38.20836467127646,0.18692448717993093,0.1888039024390244
2025-10-16,17.767109908933197,17.959291389787854,17.45962100578849,17.55571174621582,14701800,0.0,0.0,CAG,,-0.21,9017.265152,11234.499584,94.229,-0.061,28.52,15.96,Consumer Defensive,Packaged Foods,"Conagra Brands, Inc.",-0.003816759193178365,-0.003824061605502639,0.2580542502989719,0.24303796614589782,17.80122365951538,18.1745348739624,-38.44420846347889,0.180143228490632,0.21358439024390244
2025-10-17,17.632586447740348,17.90163835937952,17.594149413061217,17.834375381469727,8974000,0.0,0.0,CAG,,-0.21,9017.265152,11234.499584,94.229,-0.061,28.52,15.96,Consumer Defensive,Packaged Foods,"Conagra Brands, Inc.",0.01587310382411422,0.015748443544997857,0.2567900460509369,0.24305898996444414,17.80218448638916,18.1612744140625,-37.467126993444154,0.2082374265483826,0.10182243902439024
2025-10-20,17.8439830187952,17.90163673279666,17.74789227360708,17.77672004699707,7300000,0.0,0.0,CAG,,-0.21,9017.265152,11234.499584,94.229,-0.061,28.52,15.96,Consumer Defensive,Packaged Foods,"Conagra Brands, Inc.",-0.003232820507555356,-0.003238057361357168,0.25491011346335213,0.24296528960581035,17.810832595825197,18.146860847473146,-37.66928454769611,0.2024247542767215,0.0691590243902439
2025-10-21,17.89202880859375,17.940073263458117,17.709456581107908,17.89202880859375,7466300,0.0,0.0,CAG,,-0.21,9017.265152,11234.499584,94.229,-0.061,28.52,15.96,Consumer Defensive,Packaged Foods,"Conagra Brands, Inc.",0.006486503769639995,0.00646555693641079,0.2559663682218557,0.24335101279592816,17.831011486053466,18.134369087219238,-37.26497612695038,0.21404990652573802,0.07240390243902439
2025-10-22,17.920855936464484,18.247563382980974,17.78632998770308,18.045774459838867,9936300,0.0,0.0,CAG,,-0.21,9017.265152,11234.499584,94.229,-0.061,28.52,15.96,Consumer Defensive,Packaged Foods,"Conagra Brands, Inc.",0.008592969131106631,0.00855625971720085,0.2574824551300291,0.24322633627533027,17.84302282333374,18.12053207397461,-36.72589600337003,0.22955017362252858,0.1205990243902439
2025-10-23,18.12264610495804,18.12264610495804,17.71906643897686,17.747892379760742,8562600,0.0,0.0,CAG,,-0.21,9017.265152,11234.499584,94.229,-0.061,28.52,15.96,Consumer Defensive,Packaged Foods,"Conagra Brands, Inc.",-0.016507026658294177,-0.016644785721803595,0.26091156890028766,0.23953359935659016,17.861760330200195,18.100353050231934,-37.77036332482208,0.19951841814089097,0.09379512195121952
2025-10-24,17.78632835291763,17.882419092963236,17.54610241919283,17.57493019104004,7146800,0.0,0.0,CAG,,-0.21,9017.265152,11234.499584,94.229,-0.061,28.52,15.96,Consumer Defensive,Packaged Foods,"Conagra Brands, Inc.",-0.009745505833579693,-0.00979330407443353,0.25948485927420367,0.2384767481502394,17.867045211791993,18.078060035705565,-38.376822612061574,0.18208078591451904,0.06616975609756097
2025-10-27,17.584538556620828,17.786329304793735,17.55571261600936,17.77672004699707,8998600,0.0,0.0,CAG,,-0.21,9017.265152,11234.499584,94.229,-0.061,28.52,15.96,Consumer Defensive,Packaged Foods,"Conagra Brands, Inc.",0.011481687481177394,0.011416273142625586,0.2511893788565684,0.23798288002746396,17.889145946502687,18.065183906555177,-37.66928454769611,0.2024247542767215,0.10230243902439025
2025-10-28,17.671021934888568,17.69024045253836,17.34431446595695,17.37314224243164,14629200,0.0,0.0,CAG,,-0.21,9017.265152,11234.499584,94.229,-0.061,28.52,15.96,Consumer Defensive,Packaged Foods,"Conagra Brands, Inc.",-0.022702602251623127,-0.022964274335686936,0.2554166166327594,0.24163285457177672,17.878095626831055,18.047887687683104,-39.084353988668866,0.1617370098466222,0.2121678048780488
2025-10-29,17.296267336104364,17.334704365473804,16.671680271078507,16.70050621032715,20897500,0.0,0.0,CAG,,-0.21,9017.265152,11234.499584,94.229,-0.061,28.52,15.96,Consumer Defensive,Packaged Foods,"Conagra Brands, Inc.",-0.03871700482953888,-0.03948643347652007,0.277368000139827,0.2536373827886499,17.785848712921144,18.01156547546387,-41.44282534948405,0.09392346148210451,0.3344760975609756
2025-10-30,16.64166778149117,17.14180064660313,16.612249411478864,17.082962036132812,15512700,0.35,0.0,CAG,,-0.21,9017.265152,11234.499584,94.229,-0.061,28.52,15.96,Consumer Defensive,Packaged Foods,"Conagra Brands, Inc.",0.022900852284894357,0.02264256368498859,0.286584382734055,0.2578973852789906,17.718490028381346,17.983276748657225,-40.10181614259182,0.13248173877126246,0.22940682926829267
2025-10-31,16.926057695007472,16.984896305015774,16.759346741279206,16.857412338256836,12966400,0.0,0.0,CAG,,-0.21,9017.265152,11234.499584,94.229,-0.061,28.52,15.96,Consumer Defensive,Packaged Foods,"Conagra Brands, Inc.",-0.013203196108432902,-0.013291133193583968,0.28722461853066356,0.25638809210728175,17.64321699142456,17.949516105651856,-40.89266361060015,0.10974236024338306,0.1797229268292683
2025-11-03,16.83779957266338,17.102576134815457,16.68089535889454,16.95547866821289,12535200,0.0,0.0,CAG,,-0.21,9017.265152,11234.499584,94.229,-0.061,28.52,15.96,Consumer Defensive,Packaged Foods,"Conagra Brands, Inc.",0.005817401151984702,0.005800545413372442,0.2863479479469913,0.2568024020596294,17.591585063934325,17.910798301696776,-40.548812523797714,0.11962917196918214,0.17130926829268292
2025-11-04,16.994704010809745,17.033930999992744,16.720120697866125,16.778961181640625,9363500,0.0,0.0,CAG,,-0.21,9017.265152,11234.499584,94.229,-0.061,28.52,15.96,Consumer Defensive,Packaged Foods,"Conagra Brands, Inc.",-0.010410646023411352,-0.010465215867355493,0.2872045125486955,0.25742418221399094,17.521998596191406,17.8781591796875,-41.16773779228392,0.10183310315704945,0.10942243902439025
2025-11-05,16.7495411682199,16.88683189134148,16.67108905922959,16.759347915649414,10988400,0.0,0.0,CAG,,-0.21,9017.265152,11234.499584,94.229,-0.061,28.52,15.96,Consumer Defensive,Packaged Foods,"Conagra Brands, Inc.",-0.0011689201601271515,-0.00116960388015888,0.2812891411522662,0.25589658923925895,17.461040496826172,17.85223846435547,-41.23650800964441,0.09985574081188964,0.14112780487804877
2025-11-06,16.671088936122096,16.83779990030115,16.278828394067208,16.376893997192383,10641600,0.0,0.0,CAG,,-0.21,9017.265152,11234.499584,94.229,-0.061,28.52,15.96,Consumer Defensive,Packaged Foods,"Conagra Brands, Inc.",-0.022820334083518024,-0.023084748332773946,0.2803051349868775,0.2594414407009553,17.391049194335938,17.811557998657225,-42.57751052877846,0.061297655817037354,0.1343609756097561
2025-11-07,16.41611957395955,16.95547947096584,16.367087706252548,16.808380126953125,10833100,0.0,0.0,CAG,,-0.21,9017.265152,11234.499584,94.229,-0.061,28.52,15.96,Consumer Defensive,Packaged Foods,"Conagra Brands, Inc.",0.02634725057356513,0.02600614033843616,0.291322969275967,0.26589519842735226,17.33878860473633,17.78661792755127,-41.06458581012228,0.10479905052763634,0.13809756097560977
2025-11-10,16.935865976331602,16.95547947159347,16.582830543401386,16.65147590637207,9212500,0.0,0.0,CAG,,-0.21,9017.265152,11234.499584,94.229,-0.061,28.52,15.96,Consumer Defensive,Packaged Foods,"Conagra Brands, Inc.",-0.009334880541489565,-0.009378723598631048,0.29168185852417267,0.26505826223387347,17.29742040634155,17.75200569152832,-41.614740861248,0.08898034406066346,0.1064760975609756
2025-11-11,16.788768501527876,17.033931580945687,16.7397347633768,16.96528434753418,9691400,0.0,0.0,CAG,,-0.21,9017.265152,11234.499584,94.229,-0.061,28.52,15.96,Consumer Defensive,Packaged Foods,"Conagra Brands, Inc.",0.01884568328516889,0.01867030340562826,0.29375676941690854,0.26771975798892983,17.25684862136841,17.73058811187744,-40.51443075899656,0.12061775699460922,0.11582048780487805
2025-11-12,17.03393112161391,17.161415096477302,16.916252023670484,17.0045108795166,8059400,0.0,0.0,CAG,,-0.21,9017.265152,11234.499584,94.229,-0.061,28.52,15.96,Consumer Defensive,Packaged Foods,"Conagra Brands, Inc.",0.0023121647229049636,0.0023094957832790262,0.24334558217487826,0.2656493250687107,17.22592544555664,17.701691246032716,-40.376890324275585,0.12457248168492886,0.08397658536585366
2025-11-13,17.03393100944139,17.318319199392715,16.98489727293544,17.092769622802734,9838700,0.0,0.0,CAG,,-0.21,9017.265152,11234.499584,94.229,-0.061,28.52,15.96,Consumer Defensive,Packaged Foods,"Conagra Brands, Inc.",0.005190313553355308,0.00517689030318155,0.24418720073688166,0.265980172597456,17.202778339385986,17.67955623626709,-40.06742769003249,0.1334705160909952,0.11869463414634146
2025-11-14,17.16141475419906,17.318318968030365,16.91625168628193,17.112382888793945,8036600,0.0,0.0,CAG,,-0.21,9017.265152,11234.499584,94.229,-0.061,28.52,15.96,Consumer Defensive,Packaged Foods,"Conagra Brands, Inc.",0.0011474597987353174,0.0011468019699137893,0.24436843785018947,0.2659088575753234,17.166678714752198,17.651279373168947,-39.998657472672,0.13544787843615502,0.08353170731707317
2025-11-17,17.082961779336785,17.141800388922622,16.769153367618078,16.788766860961914,10891100,0.0,0.0,CAG,,-0.21,9017.265152,11234.499584,94.229,-0.061,28.52,15.96,Consumer Defensive,Packaged Foods,"Conagra Brands, Inc.",-0.0189112194330312,-0.01909232344339224,0.2434375922965497,0.2650713693672494,17.11728105545044,17.61307098388672,-41.13335602748277,0.10282168818247653,0.13922926829268292
2025-11-18,16.798572438454958,17.09276923955693,16.729927079331556,17.04373550415039,9522000,0.0,0.0,CAG,,-0.21,9017.265152,11234.499584,94.229,-0.061,28.52,15.96,Consumer Defensive,Packaged Foods,"Conagra Brands, Inc.",0.015186859481701509,0.015072693561319845,0.2460785666336644,0.2626826593928007,17.074866390228273,17.580730628967284,-40.2393565773128,0.12852701408094283,0.11251512195121952
2025-11-19,17.014316905836473,17.239866474353235,16.906444559830312,17.0633487701416,10219200,0.0,0.0,CAG,,-0.21,9017.265152,11234.499584,94.229,-0.061,28.52,15.96,Consumer Defensive,Packaged Foods,"Conagra Brands, Inc.",0.0011507609928842477,0.0011500993749802813,0.24487764165174927,0.25997391940424514,17.025745105743407,17.54993564605713,-40.17058635995231,0.13050437642610263,0.1261190243902439
2025-11-20,17.014317133352222,17.171221345761637,16.93586502714751,17.04373550415039,8232400,0.0,0.0,CAG,,-0.21,9017.265152,11234.499584,94.229,-0.061,28.52,15.96,Consumer Defensive,Packaged Foods,"Conagra Brands, Inc.",-0.001149438264166025,-0.0011500993749801896,0.24318073665150503,0.256438712692962,16.990537261962892,17.517210960388184,-40.2393565773128,0.12852701408094283,0.08735219512195122
2025-11-21,17.259480368825432,17.68116114524088,17.19083500902678,17.426191329956055,14288300,0.0,0.0,CAG,,-0.21,9017.265152,11234.499584,94.229,-0.061,28.52,15.96,Consumer Defensive,Packaged Foods,"Conagra Brands, Inc.",0.02243967149763204,0.02219160621388249,0.2523105487480447,0.25808414894972476,16.98310031890869,17.497324256896974,-38.89834737042057,0.16708529137010078,0.2055160975609756
2025-11-24,17.386964446734265,17.455609806949397,17.171221618851593,17.181028366088867,12973300,0.0,0.0,CAG,,-0.21,9017.265152,11234.499584,94.229,-0.061,28.52,15.96,Consumer Defensive,Packaged Foods,"Conagra Brands, Inc.",-0.014068648692370678,-0.0141685502235787,0.24823463907683654,0.2566201842109266,16.95331573486328,17.482143363952638,-39.757965055789384,0.14236855049706154,0.17985756097560976
2025-11-25,17.249673015687204,17.504642822015242,17.230059522020653,17.396770477294922,8208800,0.0,0.0,CAG,,-0.21,9017.265152,11234.499584,94.229,-0.061,28.52,15.96,Consumer Defensive,Packaged Foods,"Conagra Brands, Inc.",0.012556996392129705,0.01247881114714833,0.2458160852810032,0.2553666053135821,16.954497146606446,17.466088371276854,-39.00150604034038,0.16411915170520822,0.08689170731707317
2025-11-26,17.357546313689006,17.63212775831798,17.357546313689006,17.475223541259766,8629500,0.0,0.0,CAG,,-0.21,9017.265152,11234.499584,94.229,-0.061,28.52,15.96,Consumer Defensive,Packaged Foods,"Conagra Brands, Inc.",0.004509633789055112,0.004499495858076889,0.24503094067268721,0.25091560580136213,16.993233013153077,17.452563400268556,-38.72642517089844,0.1720286010858475,0.09510048780487805
2025-11-28,17.494837646206985,17.632128373310042,17.48503089849307,17.5046443939209,3764800,0.0,0.0,CAG,,-0.21,9017.265152,11234.499584,94.229,-0.061,28.52,15.96,Consumer Defensive,Packaged Foods,"Conagra Brands, Inc.",0.0016835751824100242,0.001682159558362904,0.24483711476851205,0.24954485639382265,17.014317131042482,17.44231735229492,-38.623266500978616,0.17499474075074004,0.00017951219512195123
2025-12-01,17.455608967059,17.53406107073662,17.200641032941,17.328125,8595500,0.0,0.0,CAG,,-0.21,9017.265152,11234.499584,94.229,-0.061,28.52,15.96,Consumer Defensive,Packaged Foods,"Conagra Brands, Inc.",-0.01008414623848064,-0.01013533566636868,0.241769672948138,0.24728177646354468,17.03785276412964,17.43257667541504,-39.242198457223,0.1571984796443017,0.0944370731707317
2025-12-02,17.328125549785874,17.328125549785874,16.818185924479153,16.886831283569336,10588600,0.0,0.0,CAG,,-0.21,9017.265152,11234.499584,94.229,-0.061,28.52,15.96,Consumer Defensive,Packaged Foods,"Conagra Brands, Inc.",-0.025466905186260158,-0.025796799796667113,0.2520458463160325,0.25132478051381196,17.03442039489746,17.4182381439209,-40.78951162843851,0.11270830761396995,0.13332682926829267
2025-12-03,16.97509086450709,17.25948093058148,16.827993392944336,16.827993392944336,7099000,0.0,0.0,CAG,,-0.21,9017.265152,11234.499584,94.229,-0.061,28.52,15.96,Consumer Defensive,Packaged Foods,"Conagra Brands, Inc.",-0.003484246963623594,-0.0034903310885823356,0.25092431014659045,0.2513535066947515,17.036872005462648,17.40502899169922,-40.9958155927618,0.10677641287279617,0.06523707317073171
2025-12-04,16.886831656186132,16.955478887236804,16.59263671918071,16.62205696105957,8758100,0.0,0.0,CAG,,-0.21,9017.265152,11234.499584,94.229,-0.061,28.52,15.96,Consumer Defensive,Packaged Foods,"Conagra Brands, Inc.",-0.012237729542436737,-0.012313227132957174,0.2506029611242453,0.2522827467757598,17.030007457733156,17.38135917663574,-41.71789284340964,0.08601439669007657,0.09760975609756098
2025-12-05,16.592637404484883,16.80838024250302,16.53379878874282,16.720121383666992,8210900,0.0,0.0,CAG,,-0.21,9017.265152,11234.499584,94.229,-0.061,28.52,15.96,Consumer Defensive,Packaged Foods,"Conagra Brands, Inc.",0.0058996562722144485,0.005882321446410511,0.24821222742169116,0.2524847183400607,17.047168827056886,17.368298759460448,-41.374048444365386,0.09590101612157,0.08693268292682926
2025-12-08,16.651475337241667,17.014317505401245,16.563216482025712,16.778961181640625,12353600,0.0,0.0,CAG,,-0.21,9017.265152,11234.499584,94.229,-0.061,28.52,15.96,Consumer Defensive,Packaged Foods,"Conagra Brands, Inc.",0.00351910112513365,0.0035129235774702615,0.24753030928925454,0.2514199088533171,17.04569787979126,17.35449333190918,-41.16773779228392,0.10183310315704945,0.16776585365853658
2025-12-09,16.79857173718816,16.93586432014935,16.622055908430642,16.788766860961914,10499600,0.0,0.0,CAG,,-0.21,9017.265152,11234.499584,94.229,-0.061,28.52,15.96,Consumer Defensive,Packaged Foods,"Conagra Brands, Inc.",0.0005844032425570411,0.0005842325454827969,0.24458999702206438,0.24613663451144552,17.05256242752075,17.343574562072753,-41.13335602748277,0.10282168818247653,0.13159024390243904
2025-12-10,16.847605499552206,17.141800418433554,16.769153396487468,17.102575302124023,14148700,0.0,0.0,CAG,,-0.21,9017.265152,11234.499584,94.229,-0.061,28.52,15.96,Consumer Defensive,Packaged Foods,"Conagra Brands, Inc.",0.018691571796841888,0.018519031090742728,0.24325324813184135,0.24741984607507364,17.059426975250243,17.33374309539795,-40.03304592523133,0.13445910111642229,0.2027921951219512
2025-12-11,17.102575316444224,17.35754511922953,17.09276856974721,17.259479522705078,7955000,0.0,0.0,CAG,,-0.21,9017.265152,11234.499584,94.229,-0.061,28.52,15.96,Consumer Defensive,Packaged Foods,"Conagra Brands, Inc.",0.009174303741353418,0.009132475452431791,0.21576344546432236,0.2482516464905142,17.072175407409667,17.308023796081542,-39.482890874105614,0.15027780758339515,0.08193951219512195
2025-12-12,17.34773945057204,17.52425716119625,17.337932703265604,17.406578063964844,7071100,0.0,0.0,CAG,,-0.21,9017.265152,11234.499584,94.229,-0.061,28.52,15.96,Consumer Defensive,Packaged Foods,"Conagra Brands, Inc.",0.008522768086155486,0.008486654345843888,0.20703760182797382,0.24856471550849848,17.087865829467773,17.287552642822266,-38.967117587781054,0.16510792902494095,0.06469268292682927
2025-12-15,17.4752240358598,17.700773620458975,17.4752240358598,17.59290313720703,8856600,0.0,0.0,CAG,,-0.21,9017.265152,11234.499584,94.229,-0.061,28.52,15.96,Consumer Defensive,Packaged Foods,"Conagra Brands, Inc.",0.010704290789234294,0.01064740545330949,0.20465998175031763,0.2485736823942543,17.11189184188843,17.272153244018554,-38.31380386673551,0.18389277515680638,0.09953170731707317
2025-12-16,17.60270841990229,17.65174028362296,17.367350236795097,17.396770477294922,7997500,0.0,0.0,CAG,,-0.21,9017.265152,11234.499584,94.229,-0.061,28.52,15.96,Consumer Defensive,Packaged Foods,"Conagra Brands, Inc.",-0.011148396508664393,-0.011211005643555963,0.20744153318843964,0.2484327068611503,17.142292022705078,17.260326309204103,-39.00150604034038,0.16411915170520822,0.08276878048780488
2025-12-17,17.485029113895905,17.681160307264463,17.445803997489605,17.573287963867188,8249500,0.0,0.0,CAG,,-0.21,9017.265152,11234.499584,94.229,-0.061,28.52,15.96,Consumer Defensive,Packaged Foods,"Conagra Brands, Inc.",0.010146566387286837,0.010095435559908363,0.20622027226357265,0.24893060060582323,17.16876964569092,17.248378257751465,-38.38258077185418,0.1819152205173409,0.08768585365853658
2025-12-18,17.494837265270075,17.622321241883352,17.43599865071363,17.455610275268555,12186400,0.0,0.0,CAG,,-0.21,9017.265152,11234.499584,94.229,-0.061,28.52,15.96,Consumer Defensive,Packaged Foods,"Conagra Brands, Inc.",-0.006696395622753815,-0.006718917077944845,0.20748928215629675,0.24648032524048036,17.188382720947267,17.237920265197754,-38.795195388258925,0.17005123874068767,0.16450341463414633
2025-12-19,17.465415686671477,17.70077199733844,16.720119767669924,17.01431655883789,22998100,0.0,0.0,CAG,,-0.21,9017.265152,11234.499584,94.229,-0.061,28.52,15.96,Consumer Defensive,Packaged Foods,"Conagra Brands, Inc.",-0.02528091023296375,-0.025605962556281114,0.21009550731621648,0.24690390124229164,17.18691177368164,17.22267219543457,-40.34250855947444,0.12556106671035594,0.37546341463414634
2025-12-22,16.857412458312243,17.102575517279483,16.73973336701186,16.926057815551758,11410700,0.0,0.0,CAG,,-0.21,9017.265152,11234.499584,94.229,-0.061,28.52,15.96,Consumer Defensive,Packaged Foods,"Conagra Brands, Inc.",-0.005187322275386208,-0.00520082314071208,0.1969725258840525,0.24681295780824147,17.161905097961426,17.2041215133667,-40.65197119371754,0.11666303230428958,0.1493678048780488
2025-12-23,16.88683223817693,16.916252481069733,16.622057533925126,16.65147590637207,9443100,0.0,0.0,CAG,,-0.21,9017.265152,11234.499584,94.229,-0.061,28.52,15.96,Consumer Defensive,Packaged Foods,"Conagra Brands, Inc.",-0.016222437154113978,-0.0163554615023529,0.20087514408453758,0.2485005431283746,17.135427474975586,17.18757423400879,-41.614740861248,0.08898034406066346,0.11097560975609756
2025-12-24,16.622056359675046,16.749540328979492,16.553409131108026,16.749540328979492,3755600,0.0,0.0,CAG,,-0.21,9017.265152,11234.499584,94.229,-0.061,28.52,15.96,Consumer Defensive,Packaged Foods,"Conagra Brands, Inc.",0.0058892330721203034,0.005871959325266045,0.1937391041770021,0.24676992392854002,17.103065967559814,17.167030639648438,-41.270896462203744,0.09886696349215689,0.0
2025-12-26,16.729926845456138,16.935864790393193,16.690701728125006,16.906444549560547,6941400,0.0,0.0,CAG,,-0.21,9017.265152,11234.499584,94.229,-0.061,28.52,15.96,Consumer Defensive,Packaged Foods,"Conagra Brands, Inc.",0.009367673231580165,0.009324068684600532,0.195652634920044,0.2199400607186654,17.074627017974855,17.15270004272461,-40.72074141107802,0.11468566995912977,0.06216195121951219
2025-12-29,16.9652843469291,17.230060921597897,16.955479469745093,17.122188568115234,12228500,0.0,0.0,CAG,,-0.21,9017.265152,11234.499584,94.229,-0.061,28.52,15.96,Consumer Defensive,Packaged Foods,"Conagra Brands, Inc.",0.012761052030912934,0.012680315932663444,0.19864538846750593,0.22161425007483881,17.05550422668457,17.1440295791626,-39.96427570787085,0.13643646346158209,0.1653248780487805
2025-12-30,17.161414983465267,17.288898957489145,17.073156128200356,17.092769622802734,7742300,0.0,0.0,CAG,,-0.21,9017.265152,11234.499584,94.229,-0.061,28.52,15.96,Consumer Defensive,Packaged Foods,"Conagra Brands, Inc.",-0.0017181766919261987,-0.0017196544504412814,0.19869187220682663,0.22155579741128342,17.043736457824707,17.129197463989257,-40.06742769003249,0.1334705160909952,0.07778926829268293
2025-12-31,17.063348879527073,17.15160773219868,16.96528327984243,16.97509002685547,5146600,0.0,0.0,CAG,,-0.21,9017.265152,11234.499584,94.229,-0.061,28.52,15.96,Consumer Defensive,Packaged Foods,"Conagra Brands, Inc.",-0.006884758792412127,-0.006908568087993971,0.19165815568645184,0.21822985059607594,17.048149394989014,17.113164863586427,-40.480048994195414,0.1216063420200363,0.027141463414634148
2026-01-02,16.89663898456853,17.102576943911338,16.759348258637228,16.96528434753418,10643600,0.0,0.0,CAG,,-0.21,9017.265152,11234.499584,94.229,-0.061,28.52,15.96,Consumer Defensive,Packaged Foods,"Conagra Brands, Inc.",-0.0005776510937954837,-0.000577817998466771,0.1864932882119976,0.21701973260001947,17.055013942718507,17.094629974365233,-40.51443075899656,0.12061775699460922,0.1344
2026-01-05,16.926058032974666,16.965283150281525,16.641667983105613,16.749540328979492,16341900,0.0,0.0,CAG,,-0.21,9017.265152,11234.499584,94.229,-0.061,28.52,15.96,Consumer Defensive,Packaged Foods,"Conagra Brands, Inc.",-0.012716793549413463,-0.012798344080362215,0.18999174892008158,0.2174648607687508,17.061388111114503,17.068705291748046,-41.270896462203744,0.09886696349215689,0.24558634146341463
2026-01-06,16.720119956990562,16.759346944435396,16.523990631103516,16.523990631103516,13635100,0.0,0.0,CAG,,-0.21,9017.265152,11234.499584,94.229,-0.061,28.52,15.96,Consumer Defensive,Packaged Foods,"Conagra Brands, Inc.",-0.013466023153228757,-0.013557512301349826,0.1936482156997892,0.2179592437660775,17.051581573486327,17.044227256774903,-42.061743930212074,0.07612758496427749,0.19277073170731707
2026-01-07,16.59263653238745,16.631861650671887,15.768888473510742,15.768888473510742,18996600,0.0,0.0,CAG,,-0.21,9017.265152,11234.499584,94.229,-0.061,28.52,15.96,Consumer Defensive,Packaged Foods,"Conagra Brands, Inc.",-0.04569732423906281,-0.04677438766373254,0.22088232951741377,0.23598129096973652,17.001077938079835,17.008106422424316,-44.70936720367902,0.0,0.29738536585365855
2026-01-08,15.739468029916411,16.33766650725268,15.651210112075058,16.259214401245117,14491400,0.0,0.0,CAG,,-0.21,9017.265152,11234.499584,94.229,-0.061,28.52,15.96,Consumer Defensive,Packaged Foods,"Conagra Brands, Inc.",0.03109451427461396,0.030620873262468,0.2396163189611382,0.24210118428839694,16.974600315093994,16.977756309509278,-42.99013183294139,0.04943348174607844,0.2094790243902439
2026-01-09,16.396504685737327,16.680894731526042,16.190568614328143,16.61224937438965,11088100,0.0,0.0,CAG,,-0.21,9017.265152,11234.499584,94.229,-0.061,28.52,15.96,Consumer Defensive,Packaged Foods,"Conagra Brands, Inc.",0.02171291702245437,0.021480549211699954,0.24574953879687117,0.2437786631226161,16.950084018707276,16.962538452148436,-41.75228129596897,0.08502561937034384,0.1430731707317073
2026-01-12,16.661281334365707,16.661281334365707,16.318052676251448,16.36708641052246,12459000,0.0,0.0,CAG,,-0.21,9017.265152,11234.499584,94.229,-0.061,28.52,15.96,Consumer Defensive,Packaged Foods,"Conagra Brands, Inc.",-0.014757963135633156,-0.014867945289986436,0.24804350994373858,0.24491496009676306,16.905464363098144,16.955870056152342,-42.611898981337795,0.06030887849730461,0.16982243902439023
2026-01-13,16.42592643965112,16.729928136600417,16.219990349266528,16.249408721923828,15794000,0.0,0.0,CAG,,-0.21,9017.265152,11234.499584,94.229,-0.061,28.52,15.96,Consumer Defensive,Packaged Foods,"Conagra Brands, Inc.",-0.007189898412400253,-0.007215870297008491,0.24821217381818153,0.24517139231927526,16.847605895996093,16.939198989868164,-43.02451359774253,0.04844489672065137,0.23489560975609755
2026-01-14,16.30824562626626,16.84760547054775,16.298440750040015,16.788766860961914,15609100,0.0,0.0,CAG,,-0.21,9017.265152,11234.499584,94.229,-0.061,28.52,15.96,Consumer Defensive,Packaged Foods,"Conagra Brands, Inc.",0.033192477847540314,0.032653501771253646,0.26745207578636127,0.2527653954797732,16.80739908218384,16.937826080322267,-41.13335602748277,0.10282168818247653,0.23128780487804879
2026-01-15,16.75934840743145,17.063350104883707,16.56321719397755,17.033931732177734,12414100,0.0,0.0,CAG,,-0.21,9017.265152,11234.499584,94.229,-0.061,28.52,15.96,Consumer Defensive,Packaged Foods,"Conagra Brands, Inc.",0.014602911175441324,0.014497315430232612,0.26061560378776844,0.25469225991587385,16.78925714492798,16.939395141601562,-40.27373165435577,0.1275386213498214,0.16894634146341464
2026-01-16,16.896637281015156,16.965282637059843,16.612249110194938,16.631860733032227,11734100,0.0,0.0,CAG,,-0.21,9017.265152,11234.499584,94.229,-0.061,28.52,15.96,Consumer Defensive,Packaged Foods,"Conagra Brands, Inc.",-0.023604121788628585,-0.023887161886241202,0.2696035194577675,0.25856056404448335,16.74218578338623,16.936453132629396,-41.68351776636667,0.08700278942119799,0.1556780487804878
2026-01-20,16.631861128785626,17.05354189217474,16.563215771107533,16.837799072265625,11486100,0.0,0.0,CAG,,-0.21,9017.265152,11234.499584,94.229,-0.061,28.52,15.96,Consumer Defensive,Packaged Foods,"Conagra Brands, Inc.",0.012382158709661972,0.012306126765534489,0.26953418133863655,0.25928198931592833,16.711295223236085,16.93802215576172,-40.96143382796064,0.10776499789822323,0.1508390243902439
2026-01-21,16.77896175389766,16.975091095164395,16.661282652780933,16.96528434753418,13031900,0.0,0.0,CAG,,-0.21,9017.265152,11234.499584,94.229,-0.061,28.52,15.96,Consumer Defensive,Packaged Foods,"Conagra Brands, Inc.",0.007571374068630066,0.0075428550774919445,0.26986477446514284,0.25783173277821386,16.708843612670897,16.949789962768556,-40.51443075899656,0.12061775699460922,0.1810009756097561
2026-01-22,16.916251424370238,17.318318699893524,16.916251424370238,17.131994247436523,9997500,0.0,0.0,CAG,,-0.21,9017.265152,11234.499584,94.229,-0.061,28.52,15.96,Consumer Defensive,Packaged Foods,"Conagra Brands, Inc.",0.009826531432499896,0.009778565045335495,0.27106891613271017,0.257993314685541,16.719140434265135,16.956262245178223,-39.92989394306969,0.13742504848700918,0.12179317073170731
2026-01-23,17.122188110626304,17.249673955962393,16.955479016710473,17.161415100097656,9793000,0.0,0.0,CAG,,-0.21,9017.265152,11234.499584,94.229,-0.061,28.52,15.96,Consumer Defensive,Packaged Foods,"Conagra Brands, Inc.",0.0017173046077536558,0.0017158317262121578,0.27107966901296143,0.2568631823212707,16.744637393951415,16.966461029052734,-39.82673527314987,0.14039118815190174,0.1178029268292683
2026-01-26,17.259480381722767,17.76942001267347,17.259480381722767,17.739999771118164,17228500,0.0,0.0,CAG,,-0.21,9017.265152,11234.499584,94.229,-0.061,28.52,15.96,Consumer Defensive,Packaged Foods,"Conagra Brands, Inc.",0.03371427517170278,0.03315840827899563,0.28289908277185555,0.26196587914947916,16.79416036605835,16.981955337524415,-37.798037268169125,0.19872270430404654,0.26288585365853656
2026-01-27,17.6200008392334,17.989999771118164,17.600000381469727,17.950000762939453,14828700,0.35,0.0,CAG,,-0.21,9017.265152,11234.499584,94.229,-0.061,28.52,15.96,Consumer Defensive,Packaged Foods,"Conagra Brands, Inc.",0.01183771107839493,0.011768193458464393,0.2836415370337721,0.24986345473607893,16.846338176727294,17.00086513519287,-37.06170840484063,0.2198944996521396,0.21606048780487805
2026-01-28,18.0,18.139999389648438,17.479999542236328,17.68000030517578,11013800,0.0,0.0,CAG,,-0.21,9017.265152,11234.499584,94.229,-0.061,28.52,15.96,Consumer Defensive,Packaged Foods,"Conagra Brands, Inc.",-0.015041807592628631,-0.015156082967306882,0.28675040992614065,0.2479620010329059,16.874228763580323,17.012609748840333,-38.00841407722377,0.19267370233072237,0.14162341463414635
2026-01-29,17.799999237060547,18.079999923706055,17.760000228881836,17.829999923706055,11067800,0.0,0.0,CAG,,-0.21,9017.265152,11234.499584,94.229,-0.061,28.52,15.96,Consumer Defensive,Packaged Foods,"Conagra Brands, Inc.",0.008484141173140225,0.008448353125513248,0.2861473904442941,0.2467512651233933,16.911090278625487,17.026962089538575,-37.48246871070808,0.2077963034111856,0.1426770731707317
2026-01-30,17.93000030517578,18.510000228881836,17.809999465942383,18.510000228881836,14674800,0.0,0.0,CAG,,-0.21,9017.265152,11234.499584,94.229,-0.061,28.52,15.96,Consumer Defensive,Packaged Foods,"Conagra Brands, Inc.",0.03813798699301629,0.037428711354629274,0.30367541494974043,0.2580477858274002,16.987835788726805,17.061386756896972,-35.09817591556158,0.2763523000898784,0.21305756097560977
2026-02-02,18.479999542236328,18.510000228881836,18.09000015258789,18.3799991607666,11387000,0.0,0.0,CAG,,-0.21,9017.265152,11234.499584,94.229,-0.061,28.52,15.96,Consumer Defensive,Packaged Foods,"Conagra Brands, Inc.",-0.007023288304037312,-0.007048067683314634,0.30387127400092023,0.25746750061576107,17.058571529388427,17.088112030029297,-35.554000137564515,0.26324590480431936,0.14890536585365854
2026-02-03,18.270000457763672,19.18000030517578,18.209999084472656,19.110000610351562,17829100,0.0,0.0,CAG,,-0.21,9017.265152,11234.499584,94.229,-0.061,28.52,15.96,Consumer Defensive,Packaged Foods,"Conagra Brands, Inc.",0.03971716446773299,0.03894871892363989,0.3219955414789802,0.26893528699046226,17.176594543457032,17.129045066833495,-32.99438776174066,0.336842896706037,0.2746048780487805
2026-02-04,19.25,20.0,19.209999084472656,19.799999237060547,19915000,0.0,0.0,CAG,,-0.21,9017.265152,11234.499584,94.229,-0.061,28.52,15.96,Consumer Defensive,Packaged Foods,"Conagra Brands, Inc.",0.03610667737682971,0.03547010897715468,0.323925386201748,0.2724880132132407,17.340394973754883,17.1841703414917,-30.575037738216874,0.40640690013502906,0.31530536585365854
2026-02-05,19.979999542236328,20.040000915527344,19.489999771118164,19.549999237060547,13320400,0.0,0.0,CAG,,-0.21,9017.265152,11234.499584,94.229,-0.061,28.52,15.96,Consumer Defensive,Packaged Foods,"Conagra Brands, Inc.",-0.012626263112781477,-0.012706651761855094,0.3267172273342995,0.2701120663470368,17.529450511932374,17.226646499633787,-31.45161557832908,0.38120250090282176,0.186630243902439
2026-02-06,19.579999923706055,19.719999313354492,19.350000381469727,19.350000381469727,11150400,0.0,0.0,CAG,,-0.21,9017.265152,11234.499584,94.229,-0.061,28.52,15.96,Consumer Defensive,Packaged Foods,"Conagra Brands, Inc.",-0.010230120889809902,-0.0102828082163497,0.32378012902729036,0.27028808929802617,17.683989810943604,17.270025939941405,-32.15287383776393,0.36103909689363933,0.14428878048780489
2026-02-09,19.350000381469727,19.469999313354492,19.0,19.18000030517578,10983700,0.0,0.0,CAG,,-0.21,9017.265152,11234.499584,94.229,-0.061,28.52,15.96,Consumer Defensive,Packaged Foods,"Conagra Brands, Inc.",-0.00878553348540212,-0.008824353823550327,0.32629996702056696,0.26914524574322674,17.81237735748291,17.305690536499025,-32.74894703655056,0.3439000977239661,0.1410360975609756
2026-02-10,19.280000686645508,19.489999771118164,19.049999237060547,19.329999923706055,11372500,0.0,0.0,CAG,,-0.21,9017.265152,11234.499584,94.229,-0.061,28.52,15.96,Consumer Defensive,Packaged Foods,"Conagra Brands, Inc.",0.007820626493410199,0.007790203906882381,0.32613967523540055,0.2693927396725928,17.96052303314209,17.342786064147948,-32.22300167003487,0.3590226988044294,0.14862243902439023
2026-02-11,19.049999237060547,20.049999237060547,18.860000610351562,20.020000457763672,12271200,0.0,0.0,CAG,,-0.21,9017.265152,11234.499584,94.229,-0.061,28.52,15.96,Consumer Defensive,Packaged Foods,"Conagra Brands, Inc.",0.035695837391670704,0.03507350747907213,0.337649355531067,0.2779197126784076,18.149052619934082,17.393093185424803,-29.8036449587529,0.42858689452772714,0.16615804878048782
2026-02-12,20.100000381469727,20.31999969482422,19.65999984741211,19.940000534057617,11783300,0.0,0.0,CAG,,-0.21,9017.265152,11234.499584,94.229,-0.061,28.52,15.96,Consumer Defensive,Packaged Foods,"Conagra Brands, Inc.",-0.003996000093747787,-0.004004005435470061,0.33813335603636296,0.2782491126988362,18.306614303588866,17.445330696105955,-30.08414960007848,0.420521494465193,0.15663804878048782
2026-02-13,19.93000030517578,20.079999923706055,19.469999313354492,19.760000228881836,10732000,0.0,0.0,CAG,,-0.21,9017.265152,11234.499584,94.229,-0.061,28.52,15.96,Consumer Defensive,Packaged Foods,"Conagra Brands, Inc.",-0.009027096306659543,-0.009068087414111891,0.33886411687586215,0.27569541653185775,18.44291772842407,17.502794075012208,-30.715286715000573,0.40237429625091486,0.13612487804878048
2026-02-17,19.75,19.850000381469727,18.329999923706055,18.889999389648438,21050100,0.0,0.0,CAG,,-0.21,9017.265152,11234.499584,94.229,-0.061,28.52,15.96,Consumer Defensive,Packaged Foods,"Conagra Brands, Inc.",-0.04402838204231285,-0.04502705470022206,0.3675909714807943,0.29069448218690436,18.55582466125488,17.54403419494629,-33.765780541204634,0.31466290231333893,0.3374536585365854
2026-02-18,18.84000015258789,18.850000381469727,18.360000610351562,18.790000915527344,21772900,0.0,0.0,CAG,,-0.21,9017.265152,11234.499584,94.229,-0.061,28.52,15.96,Consumer Defensive,Packaged Foods,"Conagra Brands, Inc.",-0.005293725640663216,-0.005307787053035713,0.3653068023345052,0.29106335387889615,18.65343475341797,17.587393074035646,-34.116406327042974,0.3045812964559006,0.3515570731707317
2026-02-19,18.889999389648438,18.989999771118164,18.610000610351562,18.690000534057617,9664500,0.0,0.0,CAG,,-0.21,9017.265152,11234.499584,94.229,-0.061,28.52,15.96,Consumer Defensive,Packaged Foods,"Conagra Brands, Inc.",-0.005321999818908463,-0.005336212107570421,0.3626577742170972,0.29136774264806153,18.73967056274414,17.626790657043458,-34.467038800639486,0.2944994983041565,0.11529560975609757
2026-02-20,18.829999923706055,18.829999923706055,18.399999618530273,18.469999313354492,10956400,0.0,0.0,CAG,,-0.21,9017.265152,11234.499584,94.229,-0.061,28.52,15.96,Consumer Defensive,Packaged Foods,"Conagra Brands, Inc.",-0.0117710655118618,-0.01184089300709369,0.3341716357325512,0.28939719069402786,18.80657081604004,17.660611419677736,-35.238431580103466,0.2723195039114585,0.14050341463414634
2026-02-23,18.420000076293945,19.0,18.399999618530273,18.860000610351562,12205000,0.0,0.0,CAG,,-0.21,9017.265152,11234.499584,94.229,-0.061,28.52,15.96,Consumer Defensive,Packaged Foods,"Conagra Brands, Inc.",0.021115393150831663,0.020895552532647212,0.32873672972343454,0.29048407580927543,18.891500091552736,17.702036094665527,-33.870965601852866,0.3116384974738297,0.16486634146341464
2026-02-24,18.979999542236328,19.3700008392334,18.969999313354492,19.100000381469727,12657400,0.0,0.0,CAG,,-0.21,9017.265152,11234.499584,94.229,-0.061,28.52,15.96,Consumer Defensive,Packaged Foods,"Conagra Brands, Inc.",0.012725332097096365,0.012645045457285108,0.32582441326665296,0.2905111037149428,18.959500122070313,17.74198459625244,-33.02945167787613,0.33583469766143204,0.17369365853658536
2026-02-25,18.920000076293945,19.010000228881836,18.309999465942383,18.670000076293945,13182400,0.0,0.0,CAG,,-0.21,9017.265152,11234.499584,94.229,-0.061,28.52,15.96,Consumer Defensive,Packaged Foods,"Conagra Brands, Inc.",-0.022513104533388173,-0.02277039338474386,0.3306229110365149,0.29465277055672756,18.995500087738037,17.77019500732422,-34.53716663291043,0.29248310021494656,0.18393756097560976
2026-02-26,18.760000228881836,18.969999313354492,18.600000381469727,18.729999542236328,14247600,0.0,0.0,CAG,,-0.21,9017.265152,11234.499584,94.229,-0.061,28.52,15.96,Consumer Defensive,Packaged Foods,"Conagra Brands, Inc.",0.0032136832189180176,0.003208530375787777,0.32876709678122973,0.29467858418237736,19.048000049591064,17.79666343688965,-34.32678982385579,0.29853210218827075,0.2047219512195122
2026-02-27,18.799999237060547,19.34000015258789,18.739999771118164,19.25,12898000,0.0,0.0,CAG,,-0.21,9017.265152,11234.499584,94.229,-0.061,28.52,15.96,Consumer Defensive,Packaged Foods,"Conagra Brands, Inc.",0.027762972262282526,0.027384568717928343,0.32507038222596973,0.29861653015560113,19.119000053405763,17.829805374145508,-32.50350631136045,0.3509572987418953,0.17838829268292683
2026-03-02,19.229999542236328,19.479999542236328,18.989999771118164,19.18000030517578,10419000,0.0,0.0,CAG,,-0.21,9017.265152,11234.499584,94.229,-0.061,28.52,15.96,Consumer Defensive,Packaged Foods,"Conagra Brands, Inc.",-0.0036363477830763102,-0.003642975367355156,0.3245751509754756,0.2933677793393829,19.152500057220458,17.865469970703124,-32.74894703655056,0.3439000977239661,0.13001756097560976
2026-03-03,19.079999923706055,19.219999313354492,18.739999771118164,18.959999084472656,10484500,0.0,0.0,CAG,,-0.21,9017.265152,11234.499584,94.229,-0.061,28.52,15.96,Consumer Defensive,Packaged Foods,"Conagra Brands, Inc.",-0.011470345005352156,-0.01153663682687071,0.3173799406813412,0.2944937795940785,19.181500053405763,17.893204193115235,-33.52033981601453,0.3217201033312681,0.13129560975609755
